observation_date,WLRRAFOIAL,WMTSECL1,WORAL,d_WLRRAFOIAL,d_WMTSECL1,d_WORAL
2002-12-18,21905,0,30000,,,
2002-12-25,20396,0,37250,-1509.0,0.0,7250.0
2003-01-01,21091,0,39500,695.0,0.0,2250.0
2003-01-08,18709,0,33750,-2382.0,0.0,-5750.0
2003-01-15,17813,0,30000,-896.0,0.0,-3750.0
2003-01-22,18523,0,36750,710.0,0.0,6750.0
2003-01-29,18466,0,20500,-57.0,0.0,-16250.0
2003-02-05,17986,0,27750,-480.0,0.0,7250.0
2003-02-12,17604,0,20746,-382.0,0.0,-7004.0
2003-02-19,17850,0,34496,246.0,0.0,13750.0
2003-02-26,17421,0,25750,-429.0,0.0,-8746.0
2003-03-05,17959,0,23250,538.0,0.0,-2500.0
2003-03-12,17912,0,18750,-47.0,0.0,-4500.0
2003-03-19,17180,0,27000,-732.0,0.0,8250.0
2003-03-26,18231,0,25500,1051.0,0.0,-1500.0
2003-04-02,19729,0,30500,1498.0,0.0,5000.0
2003-04-09,20291,0,21250,562.0,0.0,-9250.0
2003-04-16,19801,0,38000,-490.0,0.0,16750.0
2003-04-23,19991,0,24500,190.0,0.0,-13500.0
2003-04-30,20814,0,37501,823.0,0.0,13001.0
2003-05-07,20667,0,22251,-147.0,0.0,-15250.0
2003-05-14,21073,0,30752,406.0,0.0,8501.0
2003-05-21,20709,0,26251,-364.0,0.0,-4501.0
2003-05-28,21857,0,32000,1148.0,0.0,5749.0
2003-06-04,20423,0,19000,-1434.0,0.0,-13000.0
2003-06-11,21211,0,32500,788.0,0.0,13500.0
2003-06-18,20651,0,23000,-560.0,0.0,-9500.0
2003-06-25,21592,0,32000,941.0,0.0,9000.0
2003-07-02,21045,0,26000,-547.0,0.0,-6000.0
2003-07-09,20254,0,29250,-791.0,0.0,3250.0
2003-07-16,20346,0,24000,92.0,0.0,-5250.0
2003-07-23,19672,0,32000,-674.0,0.0,8000.0
2003-07-30,19316,0,26250,-356.0,0.0,-5750.0
2003-08-06,19062,0,18250,-254.0,0.0,-8000.0
2003-08-13,19138,0,19000,76.0,0.0,750.0
2003-08-20,20344,0,39500,1206.0,0.0,20500.0
2003-08-27,19119,0,29000,-1225.0,0.0,-10500.0
2003-09-03,18757,0,33250,-362.0,0.0,4250.0
2003-09-10,19719,0,22500,962.0,0.0,-10750.0
2003-09-17,18972,0,29250,-747.0,0.0,6750.0
2003-09-24,18801,0,26000,-171.0,0.0,-3250.0
2003-10-01,22090,0,36750,3289.0,0.0,10750.0
2003-10-08,18951,0,19750,-3139.0,0.0,-17000.0
2003-10-15,18642,0,30250,-309.0,0.0,10500.0
2003-10-22,18111,0,25500,-531.0,0.0,-4750.0
2003-10-29,19286,0,28000,1175.0,0.0,2500.0
2003-11-05,18251,0,19000,-1035.0,0.0,-9000.0
2003-11-12,17386,0,24000,-865.0,0.0,5000.0
2003-11-19,17902,0,22000,516.0,0.0,-2000.0
2003-11-26,17955,0,33500,53.0,0.0,11500.0
2003-12-03,18731,0,23500,776.0,0.0,-10000.0
2003-12-10,18964,0,29250,233.0,0.0,5750.0
2003-12-17,17657,0,25000,-1307.0,0.0,-4250.0
2003-12-24,19764,0,36500,2107.0,0.0,11500.0
2003-12-31,25652,0,43750,5888.0,0.0,7250.0
2004-01-07,19587,0,24000,-6065.0,0.0,-19750.0
2004-01-14,20721,0,24000,1134.0,0.0,0.0
2004-01-21,19735,0,42000,-986.0,0.0,18000.0
2004-01-28,20694,0,23000,959.0,0.0,-19000.0
2004-02-04,20426,0,23250,-268.0,0.0,250.0
2004-02-11,20059,0,18750,-367.0,0.0,-4500.0
2004-02-18,19951,0,23500,-108.0,0.0,4750.0
2004-02-25,18872,0,20000,-1079.0,0.0,-3500.0
2004-03-03,18886,0,23750,14.0,0.0,3750.0
2004-03-10,19191,0,18750,305.0,0.0,-5000.0
2004-03-17,18770,0,28750,-421.0,0.0,10000.0
2004-03-24,19987,0,19750,1217.0,0.0,-9000.0
2004-03-31,21701,0,27500,1714.0,0.0,7750.0
2004-04-07,19072,0,19750,-2629.0,0.0,-7750.0
2004-04-14,19470,0,29700,398.0,0.0,9950.0
2004-04-21,19260,0,22750,-210.0,0.0,-6950.0
2004-04-28,19689,0,37500,429.0,0.0,14750.0
2004-05-05,20653,0,20000,964.0,0.0,-17500.0
2004-05-12,18711,0,27250,-1942.0,0.0,7250.0
2004-05-19,18273,0,21250,-438.0,0.0,-6000.0
2004-05-26,19331,0,33750,1058.0,0.0,12500.0
2004-06-02,20292,0,22500,961.0,0.0,-11250.0
2004-06-09,19942,0,30250,-350.0,0.0,7750.0
2004-06-16,17971,0,19000,-1971.0,0.0,-11250.0
2004-06-23,17465,0,32000,-506.0,0.0,13000.0
2004-06-30,19228,0,33500,1763.0,0.0,1500.0
2004-07-07,19828,0,28000,600.0,0.0,-5500.0
2004-07-14,19835,0,25500,7.0,0.0,-2500.0
2004-07-21,19906,0,25500,71.0,0.0,0.0
2004-07-28,19363,0,21500,-543.0,0.0,-4000.0
2004-08-04,20576,0,17000,1213.0,0.0,-4500.0
2004-08-11,20606,0,16000,30.0,0.0,-1000.0
2004-08-18,21374,0,16500,768.0,0.0,500.0
2004-08-25,20922,0,24500,-452.0,0.0,8000.0
2004-09-01,23203,0,32500,2281.0,0.0,8000.0
2004-09-08,23882,0,33000,679.0,0.0,500.0
2004-09-15,24323,0,35500,441.0,0.0,2500.0
2004-09-22,24556,0,26500,233.0,0.0,-9000.0
2004-09-29,24337,0,29500,-219.0,0.0,3000.0
2004-10-06,24736,0,21000,399.0,0.0,-8500.0
2004-10-13,24985,0,30250,249.0,0.0,9250.0
2004-10-20,25843,0,21250,858.0,0.0,-9000.0
2004-10-27,25761,0,23750,-82.0,0.0,2500.0
2004-11-03,26512,0,20250,751.0,0.0,-3500.0
2004-11-10,27467,0,29500,955.0,0.0,9250.0
2004-11-17,27729,0,24000,262.0,0.0,-5500.0
2004-11-24,28084,0,39000,355.0,0.0,15000.0
2004-12-01,27539,0,33750,-545.0,0.0,-5250.0
2004-12-08,28171,0,30500,632.0,0.0,-3250.0
2004-12-15,27846,0,28750,-325.0,0.0,-1750.0
2004-12-22,28056,0,32000,210.0,0.0,3250.0
2004-12-29,29938,0,33000,1882.0,0.0,1000.0
2005-01-05,28647,0,34500,-1291.0,0.0,1500.0
2005-01-12,27231,0,18250,-1416.0,0.0,-16250.0
2005-01-19,27594,0,22500,363.0,0.0,4250.0
2005-01-26,31074,0,28750,3480.0,0.0,6250.0
2005-02-02,27872,0,24250,-3202.0,0.0,-4500.0
2005-02-09,28355,0,14500,483.0,0.0,-9750.0
2005-02-16,23346,0,18500,-5009.0,0.0,4000.0
2005-02-23,23474,0,25250,128.0,0.0,6750.0
2005-03-02,25375,0,24250,1901.0,0.0,-1000.0
2005-03-09,25430,0,22000,55.0,0.0,-2250.0
2005-03-16,24939,0,30250,-491.0,0.0,8250.0
2005-03-23,24491,0,19250,-448.0,0.0,-11000.0
2005-03-30,23691,0,31750,-800.0,0.0,12500.0
2005-04-06,22986,0,20000,-705.0,0.0,-11750.0
2005-04-13,22758,0,28250,-228.0,0.0,8250.0
2005-04-20,25100,0,23750,2342.0,0.0,-4500.0
2005-04-27,25068,0,30750,-32.0,0.0,7000.0
2005-05-04,26060,0,21500,992.0,0.0,-9250.0
2005-05-11,25308,0,26000,-752.0,0.0,4500.0
2005-05-18,26179,0,23750,871.0,0.0,-2250.0
2005-05-25,25186,0,31000,-993.0,0.0,7250.0
2005-06-01,24732,0,31500,-454.0,0.0,500.0
2005-06-08,23956,0,30500,-776.0,0.0,-1000.0
2005-06-15,23147,0,29000,-809.0,0.0,-1500.0
2005-06-22,23362,0,26250,215.0,0.0,-2750.0
2005-06-29,24237,0,26000,875.0,0.0,-250.0
2005-07-06,24464,0,34000,227.0,0.0,8000.0
2005-07-13,25597,0,25250,1133.0,0.0,-8750.0
2005-07-20,28196,0,33750,2599.0,0.0,8500.0
2005-07-27,27277,0,31000,-919.0,0.0,-2750.0
2005-08-03,22575,0,32000,-4702.0,0.0,1000.0
2005-08-10,23640,0,24500,1065.0,0.0,-7500.0
2005-08-17,23503,0,28500,-137.0,0.0,4000.0
2005-08-24,24114,0,26000,611.0,0.0,-2500.0
2005-08-31,26487,0,35500,2373.0,0.0,9500.0
2005-09-07,25154,0,31500,-1333.0,0.0,-4000.0
2005-09-14,25960,0,32000,806.0,0.0,500.0
2005-09-21,23991,0,20250,-1969.0,0.0,-11750.0
2005-09-28,23811,0,30250,-180.0,0.0,10000.0
2005-10-05,25938,0,18750,2127.0,0.0,-11500.0
2005-10-12,26281,0,20250,343.0,0.0,1500.0
2005-10-19,25082,0,16250,-1199.0,0.0,-4000.0
2005-10-26,23654,0,21750,-1428.0,0.0,5500.0
2005-11-02,24939,0,14500,1285.0,0.0,-7250.0
2005-11-09,25021,0,24500,82.0,0.0,10000.0
2005-11-16,25318,0,20000,297.0,0.0,-4500.0
2005-11-23,24487,0,32500,-831.0,0.0,12500.0
2005-11-30,30055,0,35250,5568.0,0.0,2750.0
2005-12-07,27792,0,32000,-2263.0,0.0,-3250.0
2005-12-14,26575,0,28250,-1217.0,0.0,-3750.0
2005-12-21,26762,0,45000,187.0,0.0,16750.0
2005-12-28,30372,0,45250,3610.0,0.0,250.0
2006-01-04,27567,0,46500,-2805.0,0.0,1250.0
2006-01-11,25020,0,25000,-2547.0,0.0,-21500.0
2006-01-18,24729,0,23250,-291.0,0.0,-1750.0
2006-01-25,21691,0,25000,-3038.0,0.0,1750.0
2006-02-01,23180,0,23000,1489.0,0.0,-2000.0
2006-02-08,22678,0,19500,-502.0,0.0,-3500.0
2006-02-15,22695,0,29750,17.0,0.0,10250.0
2006-02-22,24510,0,29000,1815.0,0.0,-750.0
2006-03-01,24672,0,27750,162.0,0.0,-1250.0
2006-03-08,23810,0,26500,-862.0,0.0,-1250.0
2006-03-15,24293,0,29750,483.0,0.0,3250.0
2006-03-22,24151,0,25750,-142.0,0.0,-4000.0
2006-03-29,22419,0,19500,-1732.0,0.0,-6250.0
2006-04-05,23523,0,19250,1104.0,0.0,-250.0
2006-04-12,24016,0,18750,493.0,0.0,-500.0
2006-04-19,24729,0,21250,713.0,0.0,2500.0
2006-04-26,22910,0,26750,-1819.0,0.0,5500.0
2006-05-03,24478,0,25750,1568.0,0.0,-1000.0
2006-05-10,24535,0,20500,57.0,0.0,-5250.0
2006-05-17,22569,0,21500,-1966.0,0.0,1000.0
2006-05-24,22803,0,22500,234.0,0.0,1000.0
2006-05-31,24603,0,30750,1800.0,0.0,8250.0
2006-06-07,23769,0,26750,-834.0,0.0,-4000.0
2006-06-14,26002,0,24250,2233.0,0.0,-2500.0
2006-06-21,25677,0,22250,-325.0,0.0,-2000.0
2006-06-28,30400,0,22500,4723.0,0.0,250.0
2006-07-05,29086,0,28250,-1314.0,0.0,5750.0
2006-07-12,28538,0,20750,-548.0,0.0,-7500.0
2006-07-19,29587,0,29000,1049.0,0.0,8250.0
2006-07-26,28468,0,21000,-1119.0,0.0,-8000.0
2006-08-02,28798,0,27750,330.0,0.0,6750.0
2006-08-09,27860,0,17500,-938.0,0.0,-10250.0
2006-08-16,27509,0,25250,-351.0,0.0,7750.0
2006-08-23,26553,0,19750,-956.0,0.0,-5500.0
2006-08-30,26084,0,30250,-469.0,0.0,10500.0
2006-09-06,26878,0,19750,794.0,0.0,-10500.0
2006-09-13,26923,0,16000,45.0,0.0,-3750.0
2006-09-20,28499,0,15000,1576.0,0.0,-1000.0
2006-09-27,31466,0,27500,2967.0,0.0,12500.0
2006-10-04,29212,0,18250,-2254.0,0.0,-9250.0
2006-10-11,30614,0,28250,1402.0,0.0,10000.0
2006-10-18,32895,0,22750,2281.0,0.0,-5500.0
2006-10-25,31151,0,30000,-1744.0,0.0,7250.0
2006-11-01,31186,0,25000,35.0,0.0,-5000.0
2006-11-08,31487,0,31500,301.0,0.0,6500.0
2006-11-15,32764,0,35250,1277.0,0.0,3750.0
2006-11-22,29335,0,43000,-3429.0,0.0,7750.0
2006-11-29,30723,0,33000,1388.0,0.0,-10000.0
2006-12-06,29039,0,32000,-1684.0,0.0,-1000.0
2006-12-13,28302,0,21250,-737.0,0.0,-10750.0
2006-12-20,29903,0,33500,1601.0,0.0,12250.0
2006-12-27,32126,0,36000,2223.0,0.0,2500.0
2007-01-03,29742,0,39750,-2384.0,0.0,3750.0
2007-01-10,28921,0,21500,-821.0,0.0,-18250.0
2007-01-17,31055,0,19750,2134.0,0.0,-1750.0
2007-01-24,29419,0,19000,-1636.0,0.0,-750.0
2007-01-31,32379,0,32000,2960.0,0.0,13000.0
2007-02-07,33630,0,19750,1251.0,0.0,-12250.0
2007-02-14,37336,0,30000,3706.0,0.0,10250.0
2007-02-21,38144,0,34000,808.0,0.0,4000.0
2007-02-28,39645,0,45250,1501.0,0.0,11250.0
2007-03-07,37788,0,31250,-1857.0,0.0,-14000.0
2007-03-14,39727,0,43000,1939.0,0.0,11750.0
2007-03-21,38497,0,29750,-1230.0,0.0,-13250.0
2007-03-28,37643,0,36000,-854.0,0.0,6250.0
2007-04-04,35475,0,28000,-2168.0,0.0,-8000.0
2007-04-11,34134,0,28750,-1341.0,0.0,750.0
2007-04-18,33971,0,24000,-163.0,0.0,-4750.0
2007-04-25,34025,0,38000,54.0,0.0,14000.0
2007-05-02,35671,0,48000,1646.0,0.0,10000.0
2007-05-09,35410,0,29000,-261.0,0.0,-19000.0
2007-05-16,32446,0,18000,-2964.0,0.0,-11000.0
2007-05-23,32618,0,31250,172.0,0.0,13250.0
2007-05-30,34860,0,31000,2242.0,0.0,-250.0
2007-06-06,32069,0,28500,-2791.0,0.0,-2500.0
2007-06-13,31579,0,22000,-490.0,0.0,-6500.0
2007-06-20,30443,0,21000,-1136.0,0.0,-1000.0
2007-06-27,30134,0,20000,-309.0,0.0,-1000.0
2007-07-04,32209,1209781,30250,2075.0,1209781.0,10250.0
2007-07-11,31296,1222406,20500,-913.0,12625.0,-9750.0
2007-07-18,32507,1228010,27250,1211.0,5604.0,6750.0
2007-07-25,31109,1222950,18750,-1398.0,-5060.0,-8500.0
2007-08-01,31546,1224153,24750,437.0,1203.0,6000.0
2007-08-08,30132,1217707,18750,-1414.0,-6446.0,-6000.0
2007-08-15,31941,1193747,24000,1809.0,-23960.0,5250.0
2007-08-22,29956,1181537,19000,-1985.0,-12210.0,-5000.0
2007-08-29,31210,1177227,33750,1254.0,-4310.0,14750.0
2007-09-05,35098,1177006,35000,3888.0,-221.0,1250.0
2007-09-12,33490,1171809,45000,-1608.0,-5197.0,10000.0
2007-09-19,36225,1181881,32750,2735.0,10072.0,-12250.0
2007-09-26,35312,1180487,56000,-913.0,-1394.0,23250.0
2007-10-03,34542,1183313,35250,-770.0,2826.0,-20750.0
2007-10-10,34424,1194555,50000,-118.0,11242.0,14750.0
2007-10-17,35087,1204205,36250,663.0,9650.0,-13750.0
2007-10-24,37428,1195979,46000,2341.0,-8226.0,9750.0
2007-10-31,38055,1194773,48500,627.0,-1206.0,2500.0
2007-11-07,36358,1202889,48000,-1697.0,8116.0,-500.0
2007-11-14,34703,1204963,49500,-1655.0,2074.0,1500.0
2007-11-21,35383,1189752,55000,680.0,-15211.0,5500.0
2007-11-28,34272,1191459,46000,-1111.0,1707.0,-9000.0
2007-12-05,36650,1190701,46500,2378.0,-758.0,500.0
2007-12-12,37764,1189535,47750,1114.0,-1166.0,1250.0
2007-12-19,36430,1187578,57750,-1334.0,-1957.0,10000.0
2007-12-26,40542,1192419,42500,4112.0,4841.0,-15250.0
2008-01-02,40909,1194592,56750,367.0,2173.0,14250.0
2008-01-09,37773,1197559,30500,-3136.0,2967.0,-26250.0
2008-01-16,41079,1206663,39000,3306.0,9104.0,8500.0
2008-01-23,37495,1214759,22000,-3584.0,8096.0,-17000.0
2008-01-30,39485,1225694,50000,1990.0,10935.0,28000.0
2008-02-06,36553,1232804,15500,-2932.0,7110.0,-34500.0
2008-02-13,38590,1234342,28000,2037.0,1538.0,12500.0
2008-02-20,38610,1229940,38750,20.0,-4402.0,10750.0
2008-02-27,42648,1235921,54500,4038.0,5981.0,15750.0
2008-03-05,40812,1238047,52250,-1836.0,2126.0,-2250.0
2008-03-12,40197,1244856,77000,-615.0,6809.0,24750.0
2008-03-19,38893,1241731,62000,-1304.0,-3125.0,-15000.0
2008-03-26,40822,1253033,106750,1929.0,11302.0,44750.0
2008-04-02,37311,1270988,76000,-3511.0,17955.0,-30750.0
2008-04-09,38779,1284076,120000,1468.0,13088.0,44000.0
2008-04-16,40659,1290933,104250,1880.0,6857.0,-15750.0
2008-04-23,39912,1290611,109500,-747.0,-322.0,5250.0
2008-04-30,40704,1308505,115500,792.0,17894.0,6000.0
2008-05-07,39031,1305862,130500,-1673.0,-2643.0,15000.0
2008-05-14,39114,1316330,100000,83.0,10468.0,-30500.0
2008-05-21,37026,1306180,134000,-2088.0,-10150.0,34000.0
2008-05-28,38365,1305851,115000,1339.0,-329.0,-19000.0
2008-06-04,42120,1310468,119750,3755.0,4617.0,4750.0
2008-06-11,39755,1315835,118250,-2365.0,5367.0,-1500.0
2008-06-18,41809,1320246,133500,2054.0,4411.0,15250.0
2008-06-25,42049,1322819,129750,240.0,2573.0,-3750.0
2008-07-02,41091,1339221,113000,-958.0,16402.0,-16750.0
2008-07-09,41276,1331752,107000,185.0,-7469.0,-6000.0
2008-07-16,43007,1323420,116750,1731.0,-8332.0,9750.0
2008-07-23,42149,1337859,103750,-858.0,14439.0,-13000.0
2008-07-30,44463,1353559,123250,2314.0,15700.0,19500.0
2008-08-06,43198,1380464,104750,-1265.0,26905.0,-18500.0
2008-08-13,44172,1378730,118250,974.0,-1734.0,13500.0
2008-08-20,43606,1383004,100750,-566.0,4274.0,-17500.0
2008-08-27,43768,1400510,111000,162.0,17506.0,10250.0
2008-09-03,41756,1398827,109000,-2012.0,-1683.0,-2000.0
2008-09-10,44296,1397591,126750,2540.0,-1236.0,17750.0
2008-09-17,46633,1409018,98000,2337.0,11427.0,-28750.0
2008-09-24,65673,1407462,86000,19040.0,-1556.0,-12000.0
2008-10-01,73063,1444065,83000,7390.0,36603.0,-3000.0
2008-10-08,77349,1464240,100000,4286.0,20175.0,17000.0
2008-10-15,82819,1475731,80000,5470.0,11491.0,-20000.0
2008-10-22,70987,1500176,80000,-11832.0,24445.0,0.0
2008-10-29,69655,1509439,80000,-1332.0,9263.0,0.0
2008-11-05,71663,1526819,80000,2008.0,17380.0,0.0
2008-11-12,77318,1535144,80000,5655.0,8325.0,0.0
2008-11-19,77909,1540979,80000,591.0,5835.0,0.0
2008-11-26,74761,1549940,80000,-3148.0,8961.0,0.0
2008-12-03,66994,1565064,80000,-7767.0,15124.0,0.0
2008-12-10,67092,1580291,80000,98.0,15227.0,0.0
2008-12-17,71928,1601761,80000,4836.0,21470.0,0.0
2008-12-24,88317,1610717,80000,16389.0,8956.0,0.0
2008-12-31,88352,1623461,80000,35.0,12744.0,0.0
2009-01-07,88913,1623230,60000,561.0,-231.0,-20000.0
2009-01-14,78836,1643493,40000,-10077.0,20263.0,-20000.0
2009-01-21,75025,1663309,20000,-3811.0,19816.0,-20000.0
2009-01-28,72214,1661341,0,-2811.0,-1968.0,-20000.0
2009-02-04,74251,1667788,0,2037.0,6447.0,0.0
2009-02-11,73284,1673967,0,-967.0,6179.0,0.0
2009-02-18,70804,1693729,0,-2480.0,19762.0,0.0
2009-02-25,67713,1702169,0,-3091.0,8440.0,0.0
2009-03-04,71262,1714427,0,3549.0,12258.0,0.0
2009-03-11,66385,1708325,0,-4877.0,-6102.0,0.0
2009-03-18,65027,1718585,0,-1358.0,10260.0,0.0
2009-03-25,66427,1722183,0,1400.0,3598.0,0.0
2009-04-01,67906,1740177,0,1479.0,17994.0,0.0
2009-04-08,66972,1751991,0,-934.0,11814.0,0.0
2009-04-15,70627,1775135,0,3655.0,23144.0,0.0
2009-04-22,64681,1776559,0,-5946.0,1424.0,0.0
2009-04-29,67284,1772767,0,2603.0,-3792.0,0.0
2009-05-06,65144,1787835,0,-2140.0,15068.0,0.0
2009-05-13,70894,1811449,0,5750.0,23614.0,0.0
2009-05-20,67758,1836228,0,-3136.0,24779.0,0.0
2009-05-27,65879,1846069,0,-1879.0,9841.0,0.0
2009-06-03,67420,1860345,0,1541.0,14276.0,0.0
2009-06-10,67043,1871109,0,-377.0,10764.0,0.0
2009-06-17,70166,1878633,0,3123.0,7524.0,0.0
2009-06-24,71941,1878767,0,1775.0,134.0,0.0
2009-07-01,72256,1907213,0,315.0,28446.0,0.0
2009-07-08,67844,1910778,0,-4412.0,3565.0,0.0
2009-07-15,66342,1931514,0,-1502.0,20736.0,0.0
2009-07-22,66833,1934247,0,491.0,2733.0,0.0
2009-07-29,66010,1939434,0,-823.0,5187.0,0.0
2009-08-05,66834,1964070,0,824.0,24636.0,0.0
2009-08-12,67670,1962635,0,836.0,-1435.0,0.0
2009-08-19,68369,1967095,0,699.0,4460.0,0.0
2009-08-26,68129,1979643,0,-240.0,12548.0,0.0
2009-09-02,68703,1987061,0,574.0,7418.0,0.0
2009-09-09,65874,1986887,0,-2829.0,-174.0,0.0
2009-09-16,68934,2015220,0,3060.0,28333.0,0.0
2009-09-23,70803,2017913,0,1869.0,2693.0,0.0
2009-09-30,68913,2028239,0,-1890.0,10326.0,0.0
2009-10-07,62900,2033656,0,-6013.0,5417.0,0.0
2009-10-14,61803,2042022,0,-1097.0,8366.0,0.0
2009-10-21,63608,2069014,0,1805.0,26992.0,0.0
2009-10-28,64446,2076854,0,838.0,7840.0,0.0
2009-11-04,60735,2098755,0,-3711.0,21901.0,0.0
2009-11-11,60403,2097345,0,-332.0,-1410.0,0.0
2009-11-18,59906,2110407,0,-497.0,13062.0,0.0
2009-11-25,58483,2101514,0,-1423.0,-8893.0,0.0
2009-12-02,57558,2117642,0,-925.0,16128.0,0.0
2009-12-09,56336,2118272,0,-1222.0,630.0,0.0
2009-12-16,57367,2132927,0,1031.0,14655.0,0.0
2009-12-23,60725,2128435,0,3358.0,-4492.0,0.0
2009-12-30,70450,2123192,0,9725.0,-5243.0,0.0
2010-01-06,67572,2123834,0,-2878.0,642.0,0.0
2010-01-13,64366,2121601,0,-3206.0,-2233.0,0.0
2010-01-20,62930,2124590,0,-1436.0,2989.0,0.0
2010-01-27,57794,2125972,0,-5136.0,1382.0,0.0
2010-02-03,53720,2134241,0,-4074.0,8269.0,0.0
2010-02-10,53137,2140376,0,-583.0,6135.0,0.0
2010-02-17,54888,2140123,0,1751.0,-253.0,0.0
2010-02-24,56563,2144997,0,1675.0,4874.0,0.0
2010-03-03,55205,2154419,0,-1358.0,9422.0,0.0
2010-03-10,55903,2157100,0,698.0,2681.0,0.0
2010-03-17,55696,2184888,0,-207.0,27788.0,0.0
2010-03-24,54719,2190434,0,-977.0,5546.0,0.0
2010-03-31,57766,2191058,0,3047.0,624.0,0.0
2010-04-07,56091,2200263,0,-1675.0,9205.0,0.0
2010-04-14,55226,2203971,0,-865.0,3708.0,0.0
2010-04-21,52078,2219037,0,-3148.0,15066.0,0.0
2010-04-28,54102,2227099,0,2024.0,8062.0,0.0
2010-05-05,53483,2235587,0,-619.0,8488.0,0.0
2010-05-12,56647,2214223,0,3164.0,-21364.0,0.0
2010-05-19,55764,2211501,0,-883.0,-2722.0,0.0
2010-05-26,58158,2217388,0,2394.0,5887.0,0.0
2010-06-02,59116,2222873,0,958.0,5485.0,0.0
2010-06-09,60763,2206337,0,1647.0,-16536.0,0.0
2010-06-16,59442,2215695,0,-1321.0,9358.0,0.0
2010-06-23,60306,2208712,0,864.0,-6983.0,0.0
2010-06-30,67223,2216189,0,6917.0,7477.0,0.0
2010-07-07,62904,2221252,0,-4319.0,5063.0,0.0
2010-07-14,62265,2227951,0,-639.0,6699.0,0.0
2010-07-21,61467,2251550,0,-798.0,23599.0,0.0
2010-07-28,60641,2263348,0,-826.0,11798.0,0.0
2010-08-04,60907,2269534,0,266.0,6186.0,0.0
2010-08-11,57963,2288487,0,-2944.0,18953.0,0.0
2010-08-18,60185,2310183,0,2222.0,21696.0,0.0
2010-08-25,61115,2323758,0,930.0,13575.0,0.0
2010-09-01,58276,2354007,0,-2839.0,30249.0,0.0
2010-09-08,58802,2350003,0,526.0,-4004.0,0.0
2010-09-15,59924,2388529,0,1122.0,38526.0,0.0
2010-09-22,60102,2424154,0,178.0,35625.0,0.0
2010-09-29,67370,2422736,0,7268.0,-1418.0,0.0
2010-10-06,64440,2441784,0,-2930.0,19048.0,0.0
2010-10-13,59973,2475649,0,-4467.0,33865.0,0.0
2010-10-20,56490,2497370,0,-3483.0,21721.0,0.0
2010-10-27,55552,2519157,0,-938.0,21787.0,0.0
2010-11-03,54591,2541255,0,-961.0,22098.0,0.0
2010-11-10,55088,2554409,0,497.0,13154.0,0.0
2010-11-17,54199,2565027,0,-889.0,10618.0,0.0
2010-11-24,54709,2552465,0,510.0,-12562.0,0.0
2010-12-01,52862,2563025,0,-1847.0,10560.0,0.0
2010-12-08,50019,2563015,0,-2843.0,-10.0,0.0
2010-12-15,50816,2566299,0,797.0,3284.0,0.0
2010-12-22,51134,2579099,0,318.0,12800.0,0.0
2010-12-29,59246,2563873,0,8112.0,-15226.0,0.0
2011-01-05,57555,2568223,0,-1691.0,4350.0,0.0
2011-01-12,53271,2563702,0,-4284.0,-4521.0,0.0
2011-01-19,52932,2555038,0,-339.0,-8664.0,0.0
2011-01-26,52620,2557091,0,-312.0,2053.0,0.0
2011-02-02,57902,2554915,0,5282.0,-2176.0,0.0
2011-02-09,56022,2568229,0,-1880.0,13314.0,0.0
2011-02-16,57826,2580348,0,1804.0,12119.0,0.0
2011-02-23,59484,2575834,0,1658.0,-4514.0,0.0
2011-03-02,62461,2574096,0,2977.0,-1738.0,0.0
2011-03-09,55947,2588446,0,-6514.0,14350.0,0.0
2011-03-16,62287,2591651,0,6340.0,3205.0,0.0
2011-03-23,61386,2592762,0,-901.0,1111.0,0.0
2011-03-30,62801,2580973,0,1415.0,-11789.0,0.0
2011-04-06,54622,2595328,0,-8179.0,14355.0,0.0
2011-04-13,54022,2602584,0,-600.0,7256.0,0.0
2011-04-20,56064,2613123,0,2042.0,10539.0,0.0
2011-04-27,57031,2635268,0,967.0,22145.0,0.0
2011-05-04,56973,2643885,0,-58.0,8617.0,0.0
2011-05-11,54715,2650873,0,-2258.0,6988.0,0.0
2011-05-18,57426,2653612,0,2711.0,2739.0,0.0
2011-05-25,54181,2638259,0,-3245.0,-15353.0,0.0
2011-06-01,59937,2642543,0,5756.0,4284.0,0.0
2011-06-08,59767,2651332,0,-170.0,8789.0,0.0
2011-06-15,65929,2663095,0,6162.0,11763.0,0.0
2011-06-22,65353,2660552,0,-576.0,-2543.0,0.0
2011-06-29,66607,2643279,0,1254.0,-17273.0,0.0
2011-07-06,67527,2656642,0,920.0,13363.0,0.0
2011-07-13,65052,2654102,0,-2475.0,-2540.0,0.0
2011-07-20,64695,2665353,0,-357.0,11251.0,0.0
2011-07-27,67004,2660386,0,2309.0,-4967.0,0.0
2011-08-03,68623,2675692,0,1619.0,15306.0,0.0
2011-08-10,96807,2653296,0,28184.0,-22396.0,0.0
2011-08-17,95911,2664794,0,-896.0,11498.0,0.0
2011-08-24,99519,2657879,0,3608.0,-6915.0,0.0
2011-08-31,104544,2656415,0,5025.0,-1464.0,0.0
2011-09-07,102756,2647946,0,-1788.0,-8469.0,0.0
2011-09-14,94116,2644507,0,-8640.0,-3439.0,0.0
2011-09-21,90953,2640327,0,-3163.0,-4180.0,0.0
2011-09-28,82815,2623648,0,-8138.0,-16679.0,0.0
2011-10-05,82828,2623436,0,13.0,-212.0,0.0
2011-10-12,73484,2615372,0,-9344.0,-8064.0,0.0
2011-10-19,80468,2618879,0,6984.0,3507.0,0.0
2011-10-26,81316,2599140,0,848.0,-19739.0,0.0
2011-11-02,124512,2606534,0,43196.0,7394.0,0.0
2011-11-09,87648,2641630,0,-36864.0,35096.0,0.0
2011-11-16,96829,2664630,0,9181.0,23000.0,0.0
2011-11-23,84779,2656527,0,-12050.0,-8103.0,0.0
2011-11-30,92968,2666608,0,8189.0,10081.0,0.0
2011-12-07,85198,2660875,0,-7770.0,-5733.0,0.0
2011-12-14,82472,2642911,0,-2726.0,-17964.0,0.0
2011-12-21,90070,2623528,0,7598.0,-19383.0,0.0
2011-12-28,88674,2601867,0,-1396.0,-21661.0,0.0
2012-01-04,88111,2593837,0,-563.0,-8030.0,0.0
2012-01-11,84632,2589573,0,-3479.0,-4264.0,0.0
2012-01-18,91093,2596697,0,6461.0,7124.0,0.0
2012-01-25,88715,2601010,0,-2378.0,4313.0,0.0
2012-02-01,83873,2610942,0,-4842.0,9932.0,0.0
2012-02-08,86755,2630255,0,2882.0,19313.0,0.0
2012-02-15,87117,2644634,0,362.0,14379.0,0.0
2012-02-22,89824,2643811,0,2707.0,-823.0,0.0
2012-02-29,87553,2642544,0,-2271.0,-1267.0,0.0
2012-03-07,85169,2646323,0,-2384.0,3779.0,0.0
2012-03-14,97750,2647019,0,12581.0,696.0,0.0
2012-03-21,85888,2658564,0,-11862.0,11545.0,0.0
2012-03-28,83227,2668773,0,-2661.0,10209.0,0.0
2012-04-04,83351,2685131,0,124.0,16358.0,0.0
2012-04-11,88889,2679385,0,5538.0,-5746.0,0.0
2012-04-18,91368,2683893,0,2479.0,4508.0,0.0
2012-04-25,92447,2691172,0,1079.0,7279.0,0.0
2012-05-02,90336,2703332,0,-2111.0,12160.0,0.0
2012-05-09,87779,2699622,0,-2557.0,-3710.0,0.0
2012-05-16,91022,2705710,0,3243.0,6088.0,0.0
2012-05-23,93575,2707268,0,2553.0,1558.0,0.0
2012-05-30,93526,2707401,0,-49.0,133.0,0.0
2012-06-06,88861,2721735,0,-4665.0,14334.0,0.0
2012-06-13,83419,2715740,0,-5442.0,-5995.0,0.0
2012-06-20,84108,2737576,0,689.0,21836.0,0.0
2012-06-27,83737,2736028,0,-371.0,-1548.0,0.0
2012-07-04,87963,2737636,0,4226.0,1608.0,0.0
2012-07-11,89689,2734070,0,1726.0,-3566.0,0.0
2012-07-18,87994,2746664,0,-1695.0,12594.0,0.0
2012-07-25,87501,2755366,0,-493.0,8702.0,0.0
2012-08-01,89806,2760738,0,2305.0,5372.0,0.0
2012-08-08,91505,2765862,600,1699.0,5124.0,600.0
2012-08-15,90684,2780752,0,-821.0,14890.0,-600.0
2012-08-22,93713,2785112,0,3029.0,4360.0,0.0
2012-08-29,92651,2785428,0,-1062.0,316.0,0.0
2012-09-05,89848,2795021,0,-2803.0,9593.0,0.0
2012-09-12,89663,2796983,0,-185.0,1962.0,0.0
2012-09-19,93969,2812323,0,4306.0,15340.0,0.0
2012-09-26,89536,2812238,0,-4433.0,-85.0,0.0
2012-10-03,87263,2804149,0,-2273.0,-8089.0,0.0
2012-10-10,88335,2814793,0,1072.0,10644.0,0.0
2012-10-17,101307,2822886,0,12972.0,8093.0,0.0
2012-10-24,91709,2824606,0,-9598.0,1720.0,0.0
2012-10-31,99748,2833123,0,8039.0,8517.0,0.0
2012-11-07,92980,2834959,0,-6768.0,1836.0,0.0
2012-11-14,93590,2833575,0,610.0,-1384.0,0.0
2012-11-21,93736,2837423,0,146.0,3848.0,0.0
2012-11-28,93230,2848876,0,-506.0,11453.0,0.0
2012-12-05,94068,2850334,0,838.0,1458.0,0.0
2012-12-12,102444,2866875,0,8376.0,16541.0,0.0
2012-12-19,100964,2882762,0,-1480.0,15887.0,0.0
2012-12-26,99853,2891366,0,-1111.0,8604.0,0.0
2013-01-02,103271,2893418,0,3418.0,2052.0,0.0
2013-01-09,94967,2904755,0,-8304.0,11337.0,0.0
2013-01-16,90644,2916872,0,-4323.0,12117.0,0.0
2013-01-23,89893,2908197,0,-751.0,-8675.0,0.0
2013-01-30,98432,2908108,0,8539.0,-89.0,0.0
2013-02-06,84529,2950103,0,-13903.0,41995.0,0.0
2013-02-13,89055,2955421,0,4526.0,5318.0,0.0
2013-02-20,93121,2967217,0,4066.0,11796.0,0.0
2013-02-27,100612,2943831,0,7491.0,-23386.0,0.0
2013-03-06,93467,2958185,0,-7145.0,14354.0,0.0
2013-03-13,92190,2955260,0,-1277.0,-2925.0,0.0
2013-03-20,92925,2954671,0,735.0,-589.0,0.0
2013-03-27,92541,2945239,0,-384.0,-9432.0,0.0
2013-04-03,93907,2954614,0,1366.0,9375.0,0.0
2013-04-10,91530,2952862,0,-2377.0,-1752.0,0.0
2013-04-17,97577,2953983,0,6047.0,1121.0,0.0
2013-04-24,90455,2951413,0,-7122.0,-2570.0,0.0
2013-05-01,95281,2948108,0,4826.0,-3305.0,0.0
2013-05-08,88221,2942744,0,-7060.0,-5364.0,0.0
2013-05-15,89385,2965056,0,1164.0,22312.0,0.0
2013-05-22,86693,2967035,0,-2692.0,1979.0,0.0
2013-05-29,88177,2976377,0,1484.0,9342.0,0.0
2013-06-05,94279,2968252,0,6102.0,-8125.0,0.0
2013-06-12,86277,2973287,0,-8002.0,5035.0,0.0
2013-06-19,88367,2966372,0,2090.0,-6915.0,0.0
2013-06-26,88693,2934015,0,326.0,-32357.0,0.0
2013-07-03,91871,2942680,0,3178.0,8665.0,0.0
2013-07-10,85903,2939918,0,-5968.0,-2762.0,0.0
2013-07-17,88519,2939560,0,2616.0,-358.0,0.0
2013-07-24,85555,2925551,0,-2964.0,-14009.0,0.0
2013-07-31,91085,2923940,0,5530.0,-1611.0,0.0
2013-08-07,90880,2923399,0,-205.0,-541.0,0.0
2013-08-14,96859,2918203,0,5979.0,-5196.0,0.0
2013-08-21,96342,2926910,0,-517.0,8707.0,0.0
2013-08-28,90524,2921850,0,-5818.0,-5060.0,0.0
2013-09-04,92711,2929521,0,2187.0,7671.0,0.0
2013-09-11,92164,2923296,0,-547.0,-6225.0,0.0
2013-09-18,93020,2933265,0,856.0,9969.0,0.0
2013-09-25,96926,2928556,0,3906.0,-4709.0,0.0
2013-10-02,92683,2932585,0,-4243.0,4029.0,0.0
2013-10-09,98660,2937483,0,5977.0,4898.0,0.0
2013-10-16,102685,2967138,0,4025.0,29655.0,0.0
2013-10-23,105495,2958077,0,2810.0,-9061.0,0.0
2013-10-30,108834,2955009,0,3339.0,-3068.0,0.0
2013-11-06,104094,2958167,0,-4740.0,3158.0,0.0
2013-11-13,102300,2963045,0,-1794.0,4878.0,0.0
2013-11-20,100352,2980729,0,-1948.0,17684.0,0.0
2013-11-27,102018,2989566,0,1666.0,8837.0,0.0
2013-12-04,98497,3003165,0,-3521.0,13599.0,0.0
2013-12-11,101280,3019126,0,2783.0,15961.0,0.0
2013-12-18,100861,3021465,0,-419.0,2339.0,0.0
2013-12-25,109012,3007980,0,8151.0,-13485.0,0.0
2014-01-01,118169,2996874,0,9157.0,-11106.0,0.0
2014-01-08,107181,2995275,0,-10988.0,-1599.0,0.0
2014-01-15,109514,3000297,0,2333.0,5022.0,0.0
2014-01-22,108243,2994130,0,-1271.0,-6167.0,0.0
2014-01-29,101152,2973468,0,-7091.0,-20662.0,0.0
2014-02-05,95732,2965893,0,-5420.0,-7575.0,0.0
2014-02-12,98046,2955526,0,2314.0,-10367.0,0.0
2014-02-19,110586,2971217,0,12540.0,15691.0,0.0
2014-02-26,102563,2973439,0,-8023.0,2222.0,0.0
2014-03-05,96543,2959932,0,-6020.0,-13507.0,0.0
2014-03-12,95427,2855397,0,-1116.0,-104535.0,0.0
2014-03-19,95735,2887627,0,308.0,32230.0,0.0
2014-03-26,95851,2943888,0,116.0,56261.0,0.0
2014-04-02,91155,2957095,0,-4696.0,13207.0,0.0
2014-04-09,93230,2972205,0,2075.0,15110.0,0.0
2014-04-16,101771,2958868,0,8541.0,-13337.0,0.0
2014-04-23,108581,2943644,0,6810.0,-15224.0,0.0
2014-04-30,117276,2952480,0,8695.0,8836.0,0.0
2014-05-07,106489,2950433,0,-10787.0,-2047.0,0.0
2014-05-14,110485,2934717,0,3996.0,-15716.0,0.0
2014-05-21,103979,2933287,0,-6506.0,-1430.0,0.0
2014-05-28,106936,2941814,0,2957.0,8527.0,0.0
2014-06-04,105553,2970736,0,-1383.0,28922.0,0.0
2014-06-11,102261,2970633,0,-3292.0,-103.0,0.0
2014-06-18,103037,2980503,0,776.0,9870.0,0.0
2014-06-25,103070,2971818,0,33.0,-8685.0,0.0
2014-07-02,109630,2969684,0,6560.0,-2134.0,0.0
2014-07-09,103331,2980627,0,-6299.0,10943.0,0.0
2014-07-16,103635,2981074,0,304.0,447.0,0.0
2014-07-23,104949,2978619,0,1314.0,-2455.0,0.0
2014-07-30,112973,2972195,0,8024.0,-6424.0,0.0
2014-08-06,105611,2998986,0,-7362.0,26791.0,0.0
2014-08-13,97984,2985282,0,-7627.0,-13704.0,0.0
2014-08-20,118147,2990734,0,20163.0,5452.0,0.0
2014-08-27,102157,3012666,0,-15990.0,21932.0,0.0
2014-09-03,99290,3009869,0,-2867.0,-2797.0,0.0
2014-09-10,107303,3016027,0,8013.0,6158.0,0.0
2014-09-17,95288,3029889,0,-12015.0,13862.0,0.0
2014-09-24,99407,3017608,0,4119.0,-12281.0,0.0
2014-10-01,98811,3000945,0,-596.0,-16663.0,0.0
2014-10-08,95335,2995698,0,-3476.0,-5247.0,0.0
2014-10-15,99234,2981428,0,3899.0,-14270.0,0.0
2014-10-22,100492,2961159,0,1258.0,-20269.0,0.0
2014-10-29,101999,2955615,0,1507.0,-5544.0,0.0
2014-11-05,101695,2985698,0,-304.0,30083.0,0.0
2014-11-12,99889,2978332,0,-1806.0,-7366.0,0.0
2014-11-19,99623,2986381,0,-266.0,8049.0,0.0
2014-11-26,103189,2967578,0,3566.0,-18803.0,0.0
2014-12-03,95553,2981840,0,-7636.0,14262.0,0.0
2014-12-10,92031,2981922,0,-3522.0,82.0,0.0
2014-12-17,98233,2978012,0,6202.0,-3910.0,0.0
2014-12-24,96096,2965047,0,-2137.0,-12965.0,0.0
2014-12-31,113132,2965585,0,17036.0,538.0,0.0
2015-01-07,97688,2965405,0,-15444.0,-180.0,0.0
2015-01-14,108319,2962248,0,10631.0,-3157.0,0.0
2015-01-21,112545,2957685,0,4226.0,-4563.0,0.0
2015-01-28,117937,2929747,0,5392.0,-27938.0,0.0
2015-02-04,120000,2927711,0,2063.0,-2036.0,0.0
2015-02-11,121823,2932656,0,1823.0,4945.0,0.0
2015-02-18,129781,2938578,0,7958.0,5922.0,0.0
2015-02-25,126421,2939331,0,-3360.0,753.0,0.0
2015-03-04,132068,2924788,0,5647.0,-14543.0,0.0
2015-03-11,130910,2906153,0,-1158.0,-18635.0,0.0
2015-03-18,138191,2900127,0,7281.0,-6026.0,0.0
2015-03-25,138458,2899767,0,267.0,-360.0,0.0
2015-04-01,145815,2962701,0,7357.0,62934.0,0.0
2015-04-08,148049,2963778,0,2234.0,1077.0,0.0
2015-04-15,157822,2967403,0,9773.0,3625.0,0.0
2015-04-22,161242,2956028,0,3420.0,-11375.0,0.0
2015-04-29,157663,2966134,0,-3579.0,10106.0,0.0
2015-05-06,150211,2985859,0,-7452.0,19725.0,0.0
2015-05-13,151640,2986307,0,1429.0,448.0,0.0
2015-05-20,153915,2987685,620,2275.0,1378.0,620.0
2015-05-27,149809,3007099,0,-4106.0,19414.0,-620.0
2015-06-03,147197,3025124,0,-2612.0,18025.0,0.0
2015-06-10,145746,3028475,0,-1451.0,3351.0,0.0
2015-06-17,150741,3023634,0,4995.0,-4841.0,0.0
2015-06-24,152774,3021400,0,2033.0,-2234.0,0.0
2015-07-01,156446,3032996,0,3672.0,11596.0,0.0
2015-07-08,156385,3009890,0,-61.0,-23106.0,0.0
2015-07-15,152807,3009134,0,-3578.0,-756.0,0.0
2015-07-22,153500,2982765,0,693.0,-26369.0,0.0
2015-07-29,156082,3010708,0,2582.0,27943.0,0.0
2015-08-05,162181,3017429,0,6099.0,6721.0,0.0
2015-08-12,163785,3028245,0,1604.0,10816.0,0.0
2015-08-19,163534,3012657,0,-251.0,-15588.0,0.0
2015-08-26,163157,3018221,0,-377.0,5564.0,0.0
2015-09-02,161571,3001386,0,-1586.0,-16835.0,0.0
2015-09-09,159923,2997127,0,-1648.0,-4259.0,0.0
2015-09-16,153836,3021781,0,-6087.0,24654.0,0.0
2015-09-23,159500,3023135,0,5664.0,1354.0,0.0
2015-09-30,191467,2997282,0,31967.0,-25853.0,0.0
2015-10-07,167250,2994696,0,-24217.0,-2586.0,0.0
2015-10-14,172262,2986392,0,5012.0,-8304.0,0.0
2015-10-21,180217,2974352,0,7955.0,-12040.0,0.0
2015-10-28,189494,2966612,0,9277.0,-7740.0,0.0
2015-11-04,200878,2962589,0,11384.0,-4023.0,0.0
2015-11-11,193869,2981198,0,-7009.0,18609.0,0.0
2015-11-18,191769,2993071,0,-2100.0,11873.0,0.0
2015-11-25,191640,3000573,0,-129.0,7502.0,0.0
2015-12-02,186165,3006631,590,-5475.0,6058.0,590.0
2015-12-09,195867,2998419,0,9702.0,-8212.0,-590.0
2015-12-16,204714,2987062,0,8847.0,-11357.0,0.0
2015-12-23,211254,3004947,0,6540.0,17885.0,0.0
2015-12-30,221072,3001300,0,9818.0,-3647.0,0.0
2016-01-06,218381,2980865,0,-2691.0,-20435.0,0.0
2016-01-13,216687,2957509,0,-1694.0,-23356.0,0.0
2016-01-20,216347,2946296,0,-340.0,-11213.0,0.0
2016-01-27,219801,2957215,0,3454.0,10919.0,0.0
2016-02-03,229810,2950910,0,10009.0,-6305.0,0.0
2016-02-10,234398,2951907,0,4588.0,997.0,0.0
2016-02-17,246648,2946617,0,12250.0,-5290.0,0.0
2016-02-24,245611,2931187,0,-1037.0,-15430.0,0.0
2016-03-02,246879,2933751,0,1268.0,2564.0,0.0
2016-03-09,236087,2938575,0,-10792.0,4824.0,0.0
2016-03-16,241499,2945802,0,5412.0,7227.0,0.0
2016-03-23,237480,2939861,0,-4019.0,-5941.0,0.0
2016-03-30,242569,2940757,0,5089.0,896.0,0.0
2016-04-06,241052,2933742,0,-1517.0,-7015.0,0.0
2016-04-13,241926,2927065,0,874.0,-6677.0,0.0
2016-04-20,236542,2923156,0,-5384.0,-3909.0,0.0
2016-04-27,235681,2924033,0,-861.0,877.0,0.0
2016-05-04,241203,2909032,0,5522.0,-15001.0,0.0
2016-05-11,238056,2899580,0,-3147.0,-9452.0,0.0
2016-05-18,248951,2902033,0,10895.0,2453.0,0.0
2016-05-25,245926,2906360,610,-3025.0,4327.0,610.0
2016-06-01,241488,2935080,0,-4438.0,28720.0,-610.0
2016-06-08,243590,2910927,0,2102.0,-24153.0,0.0
2016-06-15,243056,2934262,0,-534.0,23335.0,0.0
2016-06-22,244684,2923142,0,1628.0,-11120.0,0.0
2016-06-29,260521,2905096,0,15837.0,-18046.0,0.0
2016-07-06,254975,2905447,0,-5546.0,351.0,0.0
2016-07-13,251119,2903994,0,-3856.0,-1453.0,0.0
2016-07-20,248948,2902485,0,-2171.0,-1509.0,0.0
2016-07-27,241339,2897222,0,-7609.0,-5263.0,0.0
2016-08-03,243179,2888834,0,1840.0,-8388.0,0.0
2016-08-10,240897,2871413,0,-2282.0,-17421.0,0.0
2016-08-17,242356,2881501,0,1459.0,10088.0,0.0
2016-08-24,240510,2874628,0,-1846.0,-6873.0,0.0
2016-08-31,251162,2862957,0,10652.0,-11671.0,0.0
2016-09-07,240699,2854719,0,-10463.0,-8238.0,0.0
2016-09-14,252115,2827215,0,11416.0,-27504.0,0.0
2016-09-21,252559,2827085,0,444.0,-130.0,0.0
2016-09-28,242533,2811898,0,-10026.0,-15187.0,0.0
2016-10-05,238624,2827314,0,-3909.0,15416.0,0.0
2016-10-12,234429,2804995,0,-4195.0,-22319.0,0.0
2016-10-19,239358,2796793,0,4929.0,-8202.0,0.0
2016-10-26,242744,2802246,0,3386.0,5453.0,0.0
2016-11-02,238706,2788407,0,-4038.0,-13839.0,0.0
2016-11-09,232356,2793815,0,-6350.0,5408.0,0.0
2016-11-16,239305,2802625,0,6949.0,8810.0,0.0
2016-11-23,254988,2792569,0,15683.0,-10056.0,0.0
2016-11-30,254167,2804920,0,-821.0,12351.0,0.0
2016-12-07,237736,2815607,59,-16431.0,10687.0,59.0
2016-12-14,259318,2833313,0,21582.0,17706.0,-59.0
2016-12-21,252695,2852468,0,-6623.0,19155.0,0.0
2016-12-28,249845,2860887,0,-2850.0,8419.0,0.0
2017-01-04,256745,2858265,0,6900.0,-2622.0,0.0
2017-01-11,256105,2857046,0,-640.0,-1219.0,0.0
2017-01-18,252759,2851859,0,-3346.0,-5187.0,0.0
2017-01-25,253204,2854953,0,445.0,3094.0,0.0
2017-02-01,258049,2839144,0,4845.0,-15809.0,0.0
2017-02-08,251416,2847922,0,-6633.0,8778.0,0.0
2017-02-15,258786,2854818,0,7370.0,6896.0,0.0
2017-02-22,247696,2847355,0,-11090.0,-7463.0,0.0
2017-03-01,248878,2844566,0,1182.0,-2789.0,0.0
2017-03-08,241127,2859046,0,-7751.0,14480.0,0.0
2017-03-15,250502,2878940,0,9375.0,19894.0,0.0
2017-03-22,244705,2882993,0,-5797.0,4053.0,0.0
2017-03-29,250540,2883579,0,5835.0,586.0,0.0
2017-04-05,250546,2883278,0,6.0,-301.0,0.0
2017-04-12,251905,2889721,0,1359.0,6443.0,0.0
2017-04-19,245586,2890838,0,-6319.0,1117.0,0.0
2017-04-26,240750,2887791,0,-4836.0,-3047.0,0.0
2017-05-03,245953,2896969,0,5203.0,9178.0,0.0
2017-05-10,237824,2909985,62,-8129.0,13016.0,62.0
2017-05-17,240311,2922061,0,2487.0,12076.0,-62.0
2017-05-24,242371,2910623,62,2060.0,-11438.0,62.0
2017-05-31,245983,2924511,0,3612.0,13888.0,-62.0
2017-06-07,234591,2932774,0,-11392.0,8263.0,0.0
2017-06-14,243014,2954765,0,8423.0,21991.0,0.0
2017-06-21,247467,2972599,0,4453.0,17834.0,0.0
2017-06-28,241166,2988792,0,-6301.0,16193.0,0.0
2017-07-05,246709,2994768,0,5543.0,5976.0,0.0
2017-07-12,240724,2997882,0,-5985.0,3114.0,0.0
2017-07-19,247929,2993505,0,7205.0,-4377.0,0.0
2017-07-26,240485,3005658,0,-7444.0,12153.0,0.0
2017-08-02,242243,3016768,0,1758.0,11110.0,0.0
2017-08-09,239319,3009493,0,-2924.0,-7275.0,0.0
2017-08-16,244483,3012167,0,5164.0,2674.0,0.0
2017-08-23,238030,3015899,0,-6453.0,3732.0,0.0
2017-08-30,242622,3023031,0,4592.0,7132.0,0.0
2017-09-06,246795,3042812,0,4173.0,19781.0,0.0
2017-09-13,241051,3045235,0,-5744.0,2423.0,0.0
2017-09-20,245544,3052535,0,4493.0,7300.0,0.0
2017-09-27,234990,3043819,0,-10554.0,-8716.0,0.0
2017-10-04,230616,3033383,0,-4374.0,-10436.0,0.0
2017-10-11,230470,3039389,0,-146.0,6006.0,0.0
2017-10-18,226840,3038068,0,-3630.0,-1321.0,0.0
2017-10-25,235846,3042718,0,9006.0,4650.0,0.0
2017-11-01,232771,3045005,0,-3075.0,2287.0,0.0
2017-11-08,226590,3042790,65,-6181.0,-2215.0,65.0
2017-11-15,228411,3037520,0,1821.0,-5270.0,-65.0
2017-11-22,231616,3049514,0,3205.0,11994.0,0.0
2017-11-29,227625,3045662,0,-3991.0,-3852.0,0.0
2017-12-06,227346,3050251,0,-279.0,4589.0,0.0
2017-12-13,228737,3038987,0,1391.0,-11264.0,0.0
2017-12-20,222220,3024798,0,-6517.0,-14189.0,0.0
2017-12-27,239042,3021419,0,16822.0,-3379.0,0.0
2018-01-03,252368,3014079,0,13326.0,-7340.0,0.0
2018-01-10,240336,3017693,0,-12032.0,3614.0,0.0
2018-01-17,240211,3017984,0,-125.0,291.0,0.0
2018-01-24,238332,3013396,0,-1879.0,-4588.0,0.0
2018-01-31,244679,3032653,0,6347.0,19257.0,0.0
2018-02-07,232420,3043397,0,-12259.0,10744.0,0.0
2018-02-14,229882,3060064,0,-2538.0,16667.0,0.0
2018-02-21,234999,3072404,0,5117.0,12340.0,0.0
2018-02-28,232948,3078504,0,-2051.0,6100.0,0.0
2018-03-07,219171,3101474,0,-13777.0,22970.0,0.0
2018-03-14,232309,3108760,0,13138.0,7286.0,0.0
2018-03-21,228563,3092098,0,-3746.0,-16662.0,0.0
2018-03-28,237542,3090437,0,8979.0,-1661.0,0.0
2018-04-04,260687,3088031,0,23145.0,-2406.0,0.0
2018-04-11,242843,3099004,0,-17844.0,10973.0,0.0
2018-04-18,233727,3060861,0,-9116.0,-38143.0,0.0
2018-04-25,234844,3061976,0,1117.0,1115.0,0.0
2018-05-02,249652,3048217,0,14808.0,-13759.0,0.0
2018-05-09,244760,3033437,64,-4892.0,-14780.0,64.0
2018-05-16,254359,3030605,65,9599.0,-2832.0,1.0
2018-05-23,244469,3025088,0,-9890.0,-5517.0,-65.0
2018-05-30,241634,3037303,0,-2835.0,12215.0,0.0
2018-06-06,243821,3037191,0,2187.0,-112.0,0.0
2018-06-13,236633,3033810,0,-7188.0,-3381.0,0.0
2018-06-20,243405,3040352,0,6772.0,6542.0,0.0
2018-06-27,240157,3045893,0,-3248.0,5541.0,0.0
2018-07-04,259753,3038269,0,19596.0,-7624.0,0.0
2018-07-11,248182,3035721,0,-11571.0,-2548.0,0.0
2018-07-18,258438,3035345,0,10256.0,-376.0,0.0
2018-07-25,249620,3036078,0,-8818.0,733.0,0.0
2018-08-01,234964,3060133,0,-14656.0,24055.0,0.0
2018-08-08,235731,3064763,0,767.0,4630.0,0.0
2018-08-15,249221,3053169,0,13490.0,-11594.0,0.0
2018-08-22,243078,3058309,0,-6143.0,5140.0,0.0
2018-08-29,231592,3050312,0,-11486.0,-7997.0,0.0
2018-09-05,229642,3064214,0,-1950.0,13902.0,0.0
2018-09-12,228231,3057258,0,-1411.0,-6956.0,0.0
2018-09-19,225421,3058169,0,-2810.0,911.0,0.0
2018-09-26,224134,3062390,0,-1287.0,4221.0,0.0
2018-10-03,227093,3064756,0,2959.0,2366.0,0.0
2018-10-10,214903,3064214,0,-12190.0,-542.0,0.0
2018-10-17,220203,3059426,0,5300.0,-4788.0,0.0
2018-10-24,219493,3055616,0,-710.0,-3810.0,0.0
2018-10-31,231715,3032247,0,12222.0,-23369.0,0.0
2018-11-07,228963,3048974,0,-2752.0,16727.0,0.0
2018-11-14,219451,3045815,0,-9512.0,-3159.0,0.0
2018-11-21,234664,3027259,0,15213.0,-18556.0,0.0
2018-11-28,225756,3026225,0,-8908.0,-1034.0,0.0
2018-12-05,232522,3032187,66,6766.0,5962.0,66.0
2018-12-12,234983,3016534,0,2461.0,-15653.0,-66.0
2018-12-19,246637,3028654,0,11654.0,12120.0,0.0
2018-12-26,243815,3023234,0,-2822.0,-5420.0,0.0
2019-01-02,256913,3010531,0,13098.0,-12703.0,0.0
2019-01-09,257904,3027513,0,991.0,16982.0,0.0
2019-01-16,254639,3033022,0,-3265.0,5509.0,0.0
2019-01-23,242202,3019544,0,-12437.0,-13478.0,0.0
2019-01-30,248246,3028428,0,6044.0,8884.0,0.0
2019-02-06,246304,3036368,0,-1942.0,7940.0,0.0
2019-02-13,244568,3037766,0,-1736.0,1398.0,0.0
2019-02-20,252904,3043860,0,8336.0,6094.0,0.0
2019-02-27,249433,3057282,0,-3471.0,13422.0,0.0
2019-03-06,235017,3071735,0,-14416.0,14453.0,0.0
2019-03-13,239467,3075526,0,4450.0,3791.0,0.0
2019-03-20,240255,3080163,0,788.0,4637.0,0.0
2019-03-27,241434,3064343,0,1179.0,-15820.0,0.0
2019-04-03,249349,3067283,0,7915.0,2940.0,0.0
2019-04-10,253643,3069936,0,4294.0,2653.0,0.0
2019-04-17,255667,3051262,0,2024.0,-18674.0,0.0
2019-04-24,260885,3049139,0,5218.0,-2123.0,0.0
2019-05-01,269792,3048397,0,8907.0,-742.0,0.0
2019-05-08,260949,3063457,65,-8843.0,15060.0,65.0
2019-05-15,263363,3060589,0,2414.0,-2868.0,-65.0
2019-05-22,265487,3058200,0,2124.0,-2389.0,0.0
2019-05-29,263191,3050952,0,-2296.0,-7248.0,0.0
2019-06-05,269451,3039661,0,6260.0,-11291.0,0.0
2019-06-12,262625,3057071,0,-6826.0,17410.0,0.0
2019-06-19,262338,3052703,0,-287.0,-4368.0,0.0
2019-06-26,264405,3034599,0,2067.0,-18104.0,0.0
2019-07-03,290003,3031696,0,25598.0,-2903.0,0.0
2019-07-10,282243,3040692,0,-7760.0,8996.0,0.0
2019-07-17,280636,3036249,0,-1607.0,-4443.0,0.0
2019-07-24,274141,3027262,0,-6495.0,-8987.0,0.0
2019-07-31,301343,3020886,0,27202.0,-6376.0,0.0
2019-08-07,280512,3026691,0,-20831.0,5805.0,0.0
2019-08-14,295797,3032963,0,15285.0,6272.0,0.0
2019-08-21,286065,3030813,0,-9732.0,-2150.0,0.0
2019-08-28,282465,3025316,0,-3600.0,-5497.0,0.0
2019-09-04,301201,3011160,0,18736.0,-14156.0,0.0
2019-09-11,290638,3020587,0,-10563.0,9427.0,0.0
2019-09-18,306208,3013669,75000,15570.0,-6918.0,75000.0
2019-09-25,290408,3011030,105000,-15800.0,-2639.0,30000.0
2019-10-02,285564,2994386,181050,-4844.0,-16644.0,76050.0
2019-10-09,289640,2966998,178650,4076.0,-27388.0,-2400.0
2019-10-16,300994,2971849,197700,11354.0,4851.0,19050.0
2019-10-23,287757,2970717,178204,-13237.0,-1132.0,-19496.0
2019-10-30,289465,2984180,215500,1708.0,13463.0,37296.0
2019-11-06,286846,2972644,215160,-2619.0,-11536.0,-340.0
2019-11-13,280310,2972039,209609,-6536.0,-605.0,-5551.0
2019-11-20,274817,2966133,199159,-5493.0,-5906.0,-10450.0
2019-11-27,281415,2961763,207243,6598.0,-4370.0,8084.0
2019-12-04,277374,2960241,208007,-4041.0,-1522.0,764.0
2019-12-11,262028,2953905,212957,-15346.0,-6336.0,4950.0
2019-12-18,250619,2966793,236662,-11409.0,12888.0,23705.0
2019-12-25,249067,2962826,234969,-1552.0,-3967.0,-1693.0
2020-01-01,272562,2956741,255619,23495.0,-6085.0,20650.0
2020-01-08,274047,2971592,210587,1485.0,14851.0,-45032.0
2020-01-15,260238,2961416,229468,-13809.0,-10176.0,18881.0
2020-01-22,249753,2979204,186076,-10485.0,17788.0,-43392.0
2020-01-29,233104,2975840,175125,-16649.0,-3364.0,-10951.0
2020-02-05,235051,2989080,170250,1947.0,13240.0,-4875.0
2020-02-12,223520,3000571,164400,-11531.0,11491.0,-5850.0
2020-02-19,221815,2992204,163900,-1705.0,-8367.0,-500.0
2020-02-26,217668,3004655,143440,-4147.0,12451.0,-20460.0
2020-03-04,231677,2982812,195000,14009.0,-21843.0,51560.0
2020-03-11,231950,2961623,242375,273.0,-21189.0,47375.0
2020-03-18,233469,2919968,441945,1519.0,-41655.0,199570.0
2020-03-25,261703,2868190,352355,28234.0,-51778.0,-89590.0
2020-04-01,286599,2855182,263050,24896.0,-13008.0,-89305.0
2020-04-08,281005,2843669,192751,-5594.0,-11513.0,-70299.0
2020-04-15,276434,2857372,181100,-4571.0,13703.0,-11651.0
2020-04-22,278467,2853978,157500,2033.0,-3394.0,-23600.0
2020-04-29,267656,2871607,158202,-10811.0,17629.0,702.0
2020-05-06,264031,2891121,172700,-3625.0,19514.0,14498.0
2020-05-13,267325,2907742,157354,3294.0,16621.0,-15346.0
2020-05-20,256923,2922155,157351,-10402.0,14413.0,-3.0
2020-05-27,239650,2921251,181101,-17273.0,-904.0,23750.0
2020-06-03,246041,2938575,211550,6391.0,17324.0,30449.0
2020-06-10,240802,2955329,167300,-5239.0,16754.0,-44250.0
2020-06-17,225461,2960181,79053,-15341.0,4852.0,-88247.0
2020-06-24,220361,2970551,70201,-5100.0,10370.0,-8852.0
2020-07-01,227234,2952343,61201,6873.0,-18208.0,-9000.0
2020-07-08,224859,2947548,0,-2375.0,-4795.0,-61201.0
2020-07-15,224228,2946444,2,-631.0,-1104.0,2.0
2020-07-22,214665,2955384,0,-9563.0,8940.0,-2.0
2020-07-29,217052,2959076,0,2387.0,3692.0,0.0
2020-08-05,212448,2967847,0,-4604.0,8771.0,0.0
2020-08-12,218243,2964756,0,5795.0,-3091.0,0.0
2020-08-19,211230,2978081,0,-7013.0,13325.0,0.0
2020-08-26,213066,2964989,0,1836.0,-13092.0,0.0
2020-09-02,212650,2954611,0,-416.0,-10378.0,0.0
2020-09-09,203964,2950918,2,-8686.0,-3693.0,2.0
2020-09-16,198427,2976433,0,-5537.0,25515.0,-2.0
2020-09-23,204351,2988192,0,5924.0,11759.0,0.0
2020-09-30,204383,2977320,1000,32.0,-10872.0,1000.0
2020-10-07,188532,2983047,1059,-15851.0,5727.0,59.0
2020-10-14,195828,2974563,1000,7296.0,-8484.0,-59.0
2020-10-21,187435,2954125,1000,-8393.0,-20438.0,0.0
2020-10-28,201888,2959726,1000,14453.0,5601.0,0.0
2020-11-04,193037,2976913,1000,-8851.0,17187.0,0.0
2020-11-11,195811,2990772,1000,2774.0,13859.0,0.0
2020-11-18,190134,2997656,1000,-5677.0,6884.0,0.0
2020-11-25,197904,3019278,1000,7770.0,21622.0,0.0
2020-12-02,185536,3021438,1000,-12368.0,2160.0,0.0
2020-12-09,192254,3039475,1000,6718.0,18037.0,0.0
2020-12-16,190834,3059405,1000,-1420.0,19930.0,0.0
2020-12-23,197667,3046792,1000,6833.0,-12613.0,0.0
2020-12-30,209111,3044237,1000,11444.0,-2555.0,0.0
2021-01-06,206331,3059580,1000,-2780.0,15343.0,0.0
2021-01-13,214173,3086358,1000,7842.0,26778.0,0.0
2021-01-20,204826,3103889,1000,-9347.0,17531.0,0.0
2021-01-27,209426,3085902,1000,4600.0,-17987.0,0.0
2021-02-03,208755,3094463,1000,-671.0,8561.0,0.0
2021-02-10,212031,3085639,800,3276.0,-8824.0,-200.0
2021-02-17,201669,3097157,500,-10362.0,11518.0,-300.0
2021-02-24,205372,3099885,500,3703.0,2728.0,0.0
2021-03-03,202832,3109997,500,-2540.0,10112.0,0.0
2021-03-10,193650,3135486,500,-9182.0,25489.0,0.0
2021-03-17,205516,3128086,0,11866.0,-7400.0,-500.0
2021-03-24,212542,3120840,0,7026.0,-7246.0,0.0
2021-03-31,217870,3116001,0,5328.0,-4839.0,0.0
2021-04-07,237038,3116393,0,19168.0,392.0,0.0
2021-04-14,230997,3117927,0,-6041.0,1534.0,0.0
2021-04-21,221461,3109513,0,-9536.0,-8414.0,0.0
2021-04-28,216159,3101351,0,-5302.0,-8162.0,0.0
2021-05-05,225504,3102733,0,9345.0,1382.0,0.0
2021-05-12,219575,3094359,1,-5929.0,-8374.0,1.0
2021-05-19,228158,3086367,0,8583.0,-7992.0,-1.0
2021-05-26,220150,3086344,46,-8008.0,-23.0,46.0
2021-06-02,234128,3099724,0,13978.0,13380.0,-46.0
2021-06-09,218032,3101823,0,-16096.0,2099.0,0.0
2021-06-16,222818,3098053,0,4786.0,-3770.0,0.0
2021-06-23,242281,3095984,0,19463.0,-2069.0,0.0
2021-06-30,268986,3095251,0,26705.0,-733.0,0.0
2021-07-07,263612,3089768,0,-5374.0,-5483.0,0.0
2021-07-14,250992,3098206,0,-12620.0,8438.0,0.0
2021-07-21,250672,3078752,0,-320.0,-19454.0,0.0
2021-07-28,254944,3077833,0,4272.0,-919.0,0.0
2021-08-04,284602,3061445,0,29658.0,-16388.0,0.0
2021-08-11,267538,3063652,0,-17064.0,2207.0,0.0
2021-08-18,269745,3074668,0,2207.0,11016.0,0.0
2021-08-25,258021,3063316,0,-11724.0,-11352.0,0.0
2021-09-01,292181,3050191,0,34160.0,-13125.0,0.0
2021-09-08,295309,3038492,0,3128.0,-11699.0,0.0
2021-09-15,294334,3051705,0,-975.0,13213.0,0.0
2021-09-22,280751,3063757,0,-13583.0,12052.0,0.0
2021-09-29,286507,3061533,0,5756.0,-2224.0,0.0
2021-10-06,286615,3058271,0,108.0,-3262.0,0.0
2021-10-13,292921,3064615,0,6306.0,6344.0,0.0
2021-10-20,292407,3070387,0,-514.0,5772.0,0.0
2021-10-27,288114,3073611,0,-4293.0,3224.0,0.0
2021-11-03,313081,3070087,0,24967.0,-3524.0,0.0
2021-11-10,304354,3049956,0,-8727.0,-20131.0,0.0
2021-11-17,294292,3061844,0,-10062.0,11888.0,0.0
2021-11-24,305918,3058738,0,11626.0,-3106.0,0.0
2021-12-01,301930,3049911,1,-3988.0,-8827.0,1.0
2021-12-08,303035,3027412,1,1105.0,-22499.0,0.0
2021-12-15,306782,3042425,0,3747.0,15013.0,-1.0
2021-12-22,283638,3016506,0,-23144.0,-25919.0,0.0
2021-12-29,278283,3011488,0,-5355.0,-5018.0,0.0
2022-01-05,302831,3019323,0,24548.0,7835.0,0.0
2022-01-12,325064,3033713,1,22233.0,14390.0,1.0
2022-01-19,307223,3044251,1,-17841.0,10538.0,0.0
2022-01-26,278144,3046318,0,-29079.0,2067.0,-1.0
2022-02-02,279676,3061188,0,1532.0,14870.0,0.0
2022-02-09,254738,3054240,0,-24938.0,-6948.0,0.0
2022-02-16,257328,3043010,0,2590.0,-11230.0,0.0
2022-02-23,254789,3040862,0,-2539.0,-2148.0,0.0
2022-03-02,249441,3035026,1,-5348.0,-5836.0,1.0
2022-03-09,243742,3024206,1,-5699.0,-10820.0,0.0
2022-03-16,251000,3027331,1,7258.0,3125.0,0.0
2022-03-23,251396,3034738,0,396.0,7407.0,-1.0
2022-03-30,254844,3051664,1,3448.0,16926.0,1.0
2022-04-06,244166,3053519,3,-10678.0,1855.0,2.0
2022-04-13,254777,3032648,1,10611.0,-20871.0,-2.0
2022-04-20,297717,3033083,0,42940.0,435.0,-1.0
2022-04-27,288401,3025856,0,-9316.0,-7227.0,0.0
2022-05-04,282897,3027229,1,-5504.0,1373.0,1.0
2022-05-11,298644,3016518,0,15747.0,-10711.0,-1.0
2022-05-18,268249,3005181,0,-30395.0,-11337.0,0.0
2022-05-25,262471,3001009,0,-5778.0,-4172.0,0.0
2022-06-01,265525,2987446,0,3054.0,-13563.0,0.0
2022-06-08,264037,2991502,0,-1488.0,4056.0,0.0
2022-06-15,258680,2994035,0,-5357.0,2533.0,0.0
2022-06-22,256688,2998923,0,-1992.0,4888.0,0.0
2022-06-29,261271,2987240,1,4583.0,-11683.0,1.0
2022-07-06,272624,2967655,0,11353.0,-19585.0,-1.0
2022-07-13,287550,2964981,2,14926.0,-2674.0,2.0
2022-07-20,294271,2959853,0,6721.0,-5128.0,-2.0
2022-07-27,295259,2962624,1,988.0,2771.0,1.0
2022-08-03,265602,2971419,0,-29657.0,8795.0,-1.0
2022-08-10,268053,2980510,0,2451.0,9091.0,0.0
2022-08-17,268217,2987045,0,164.0,6535.0,0.0
2022-08-24,257288,2993297,0,-10929.0,6252.0,0.0
2022-08-31,277259,2991993,0,19971.0,-1304.0,0.0
2022-09-07,252911,2992029,5,-24348.0,36.0,5.0
2022-09-14,301110,2977631,0,48199.0,-14398.0,-5.0
2022-09-21,295468,2978433,0,-5642.0,802.0,0.0
2022-09-28,271491,2940445,1,-23977.0,-37988.0,1.0
2022-10-05,314046,2911048,0,42555.0,-29397.0,-1.0
2022-10-12,333141,2922439,0,19095.0,11391.0,0.0
2022-10-19,329824,2928749,10,-3317.0,6310.0,10.0
2022-10-26,302508,2914011,1,-27316.0,-14738.0,-9.0
2022-11-02,350739,2900914,1,48231.0,-13097.0,0.0
2022-11-09,354278,2906575,1,3539.0,5661.0,0.0
2022-11-16,377021,2890828,10,22743.0,-15747.0,9.0
2022-11-23,361030,2909846,0,-15991.0,19018.0,-10.0
2022-11-30,380593,2897772,0,19563.0,-12074.0,0.0
2022-12-07,368000,2901385,0,-12593.0,3613.0,0.0
2022-12-14,358576,2901131,3,-9424.0,-254.0,3.0
2022-12-21,355397,2896818,0,-3179.0,-4313.0,-3.0
2022-12-28,334149,2910992,0,-21248.0,14174.0,0.0
2023-01-04,332341,2918126,1,-1808.0,7134.0,1.0
2023-01-11,348636,2922395,0,16295.0,4269.0,-1.0
2023-01-18,371584,2912435,1,22948.0,-9960.0,1.0
2023-01-25,383643,2916116,0,12059.0,3681.0,-1.0
2023-02-01,376083,2915723,11,-7560.0,-393.0,11.0
2023-02-08,359327,2929820,1,-16756.0,14097.0,-10.0
2023-02-15,350506,2944867,0,-8821.0,15047.0,-1.0
2023-02-22,357508,2945443,0,7002.0,576.0,0.0
2023-03-01,366661,2940082,0,9153.0,-5361.0,0.0
2023-03-08,367113,2950306,0,452.0,10224.0,0.0
2023-03-15,367303,2939420,0,190.0,-10886.0,0.0
2023-03-22,370376,2863419,60000,3073.0,-76001.0,60000.0
2023-03-29,367680,2882544,55000,-2696.0,19125.0,-5000.0
2023-04-05,356392,2907392,40000,-11288.0,24848.0,-15000.0
2023-04-12,372865,2913806,30000,16473.0,6414.0,-10000.0
2023-04-19,371666,2923907,20000,-1199.0,10101.0,-10000.0
2023-04-26,359244,2967261,0,-12422.0,43354.0,-20000.0
2023-05-03,382729,2959046,0,23485.0,-8215.0,0.0
2023-05-10,385029,2960810,25,2300.0,1764.0,25.0
2023-05-17,384951,2963702,6,-78.0,2892.0,-19.0
2023-05-24,360297,2975104,30,-24654.0,11402.0,24.0
2023-05-31,360818,2976268,0,521.0,1164.0,-30.0
2023-06-07,346520,2979178,0,-14298.0,2910.0,0.0
2023-06-14,327966,2983747,0,-18554.0,4569.0,0.0
2023-06-21,333167,2998709,2,5201.0,14962.0,2.0
2023-06-28,326660,3004306,0,-6507.0,5597.0,-2.0
2023-07-05,324259,2999711,0,-2401.0,-4595.0,0.0
2023-07-12,327697,3003061,3,3438.0,3350.0,3.0
2023-07-19,325881,2979588,25,-1816.0,-23473.0,22.0
2023-07-26,317242,3001796,1,-8639.0,22208.0,-24.0
2023-08-02,302223,3020076,1,-15019.0,18280.0,0.0
2023-08-09,299933,3009610,0,-2290.0,-10466.0,-1.0
2023-08-16,299941,3012693,6,8.0,3083.0,6.0
2023-08-23,295981,3000551,0,-3960.0,-12142.0,-6.0
2023-08-30,301504,3000447,1,5523.0,-104.0,1.0
2023-09-06,293634,2999592,6,-7870.0,-855.0,5.0
2023-09-13,289409,3001665,0,-4225.0,2073.0,-6.0
2023-09-20,317723,3004797,0,28314.0,3132.0,0.0
2023-09-27,312304,3000290,2,-5419.0,-4507.0,2.0
2023-10-04,289984,2991213,0,-22320.0,-9077.0,-2.0
2023-10-11,290370,2994863,0,386.0,3650.0,0.0
2023-10-18,298147,2991511,0,7777.0,-3352.0,0.0
2023-10-25,302498,2991443,1,4351.0,-68.0,1.0
2023-11-01,317053,2978012,1,14555.0,-13431.0,0.0
2023-11-08,319406,2995298,0,2353.0,17286.0,-1.0
2023-11-15,323732,2979508,76,4326.0,-15790.0,76.0
2023-11-22,340075,2966240,0,16343.0,-13268.0,-76.0
2023-11-29,339969,2954404,3,-106.0,-11836.0,3.0
2023-12-06,338030,2953774,6,-1939.0,-630.0,3.0
2023-12-13,328903,2965258,7,-9127.0,11484.0,1.0
2023-12-20,345059,2952278,0,16156.0,-12980.0,-7.0
2023-12-27,346705,2966930,0,1646.0,14652.0,0.0
2024-01-03,366078,2960091,0,19373.0,-6839.0,0.0
2024-01-10,361183,2954143,0,-4895.0,-5948.0,0.0
2024-01-17,346132,2948171,0,-15051.0,-5972.0,0.0
2024-01-24,340509,2926746,0,-5623.0,-21425.0,0.0
2024-01-31,362224,2924590,0,21715.0,-2156.0,0.0
2024-02-07,337124,2943218,0,-25100.0,18628.0,0.0
2024-02-14,330240,2948081,0,-6884.0,4863.0,0.0
2024-02-21,339743,2946162,1,9503.0,-1919.0,1.0
2024-02-28,338946,2924944,4,-797.0,-21218.0,3.0
2024-03-06,336547,2928074,5,-2399.0,3130.0,1.0
2024-03-13,332940,2931118,4,-3607.0,3044.0,-1.0
2024-03-20,349221,2939668,3,16281.0,8550.0,-1.0
2024-03-27,354389,2933972,0,5168.0,-5696.0,-3.0
2024-04-03,365005,2945559,2,10616.0,11587.0,2.0
2024-04-10,353381,2962588,1,-11624.0,17029.0,-1.0
2024-04-17,355132,2962467,7,1751.0,-121.0,6.0
2024-04-24,368044,2951583,5,12912.0,-10884.0,-2.0
2024-05-01,359917,2961121,0,-8127.0,9538.0,-5.0
2024-05-08,361537,2950539,1,1620.0,-10582.0,1.0
2024-05-15,383431,2931375,0,21894.0,-19164.0,-1.0
2024-05-22,368528,2927435,1,-14903.0,-3940.0,1.0
2024-05-29,365288,2930784,5,-3240.0,3349.0,4.0
2024-06-05,374004,2936038,106,8716.0,5254.0,101.0
2024-06-12,385182,2932148,5,11178.0,-3890.0,-101.0
2024-06-19,389327,2917368,1,4145.0,-14780.0,-4.0
2024-06-26,389610,2920502,1,283.0,3134.0,0.0
2024-07-03,385410,2931700,4,-4200.0,11198.0,3.0
2024-07-10,399096,2923464,1,13686.0,-8236.0,-3.0
2024-07-17,390640,2929223,100,-8456.0,5759.0,99.0
2024-07-24,406846,2919394,0,16206.0,-9829.0,-100.0
2024-07-31,400061,2918537,5,-6785.0,-857.0,5.0
2024-08-07,395221,2914802,10,-4840.0,-3735.0,5.0
2024-08-14,393726,2917371,0,-1495.0,2569.0,-10.0
2024-08-21,397198,2923749,1,3472.0,6378.0,1.0
2024-08-28,413111,2930488,0,15913.0,6739.0,-1.0
2024-09-04,406940,2935477,0,-6171.0,4989.0,0.0
2024-09-11,420009,2937107,9,13069.0,1630.0,9.0
2024-09-18,417774,2941746,0,-2235.0,4639.0,-9.0
2024-09-25,417121,2939061,61,-653.0,-2685.0,61.0
2024-10-02,415856,2926912,2,-1265.0,-12149.0,-59.0
2024-10-09,395849,2937267,1,-20007.0,10355.0,-1.0
2024-10-16,396944,2928845,1,1095.0,-8422.0,0.0
2024-10-23,397778,2935061,0,834.0,6216.0,-1.0
2024-10-30,398061,2936186,31,283.0,1125.0,31.0
2024-11-06,395206,2939763,101,-2855.0,3577.0,70.0
2024-11-13,390018,2937566,6,-5188.0,-2197.0,-95.0
2024-11-20,382349,2928799,11,-7669.0,-8767.0,5.0
2024-11-27,399694,2930099,0,17345.0,1300.0,-11.0
2024-12-04,384697,2923942,7,-14997.0,-6157.0,7.0
2024-12-11,416164,2903649,7,31467.0,-20293.0,0.0
2024-12-18,390558,2919184,2,-25606.0,15535.0,-5.0
2024-12-25,385338,2903537,1,-5220.0,-15647.0,-1.0
2025-01-01,414935,2879873,0,29597.0,-23664.0,-1.0
2025-01-08,386376,2849534,0,-28559.0,-30339.0,0.0
2025-01-15,384664,2873800,0,-1712.0,24266.0,0.0
2025-01-22,392468,2881285,1,7804.0,7485.0,1.0
2025-01-29,374545,2899649,3,-17923.0,18364.0,2.0
2025-02-05,376625,2912217,0,2080.0,12568.0,-3.0
2025-02-12,384797,2928345,100,8172.0,16128.0,100.0
2025-02-19,387833,2917590,0,3036.0,-10755.0,-100.0
2025-02-26,385726,2926670,97,-2107.0,9080.0,97.0
2025-03-05,391396,2934671,84,5670.0,8001.0,-13.0
2025-03-12,391096,2928628,1,-300.0,-6043.0,-83.0
2025-03-19,378099,2945911,1,-12997.0,17283.0,0.0
2025-03-26,387240,2931015,0,9141.0,-14896.0,-1.0
2025-04-02,388765,2929255,0,1525.0,-1760.0,0.0
2025-04-09,366138,2932857,0,-22627.0,3602.0,0.0
2025-04-16,357656,2939491,3,-8482.0,6634.0,3.0
2025-04-23,373210,2943493,1000,15554.0,4002.0,997.0
2025-04-30,381521,2916875,111,8311.0,-26618.0,-889.0
2025-05-07,369695,2919091,7,-11826.0,2216.0,-104.0
2025-05-14,354189,2909440,1,-15506.0,-9651.0,-6.0
2025-05-21,371341,2905298,1,17152.0,-4142.0,0.0
2025-05-28,370470,2909004,1,-871.0,3706.0,0.0
2025-06-04,375045,2906955,1,4575.0,-2049.0,0.0
2025-06-11,371435,2874865,0,-3610.0,-32090.0,-1.0
2025-06-18,372139,2882931,0,704.0,8066.0,0.0
2025-06-25,373172,2875504,16,1033.0,-7427.0,16.0
2025-07-02,393831,2899846,0,20659.0,24342.0,-16.0
2025-07-09,382500,2891998,0,-11331.0,-7848.0,0.0
2025-07-16,377599,2875252,0,-4901.0,-16746.0,0.0
2025-07-23,377374,2875668,3,-225.0,416.0,3.0
2025-07-30,370200,2905748,0,-7174.0,30080.0,-3.0
2025-08-06,353909,2879461,5,-16291.0,-26287.0,5.0
2025-08-13,344999,2856708,1,-8910.0,-22753.0,-4.0
2025-08-20,364067,2835738,201,19068.0,-20970.0,200.0
2025-08-27,358411,2842499,21,-5656.0,6761.0,-180.0
2025-09-03,350808,2835669,3,-7603.0,-6830.0,-18.0
2025-09-10,353556,2802270,12,2748.0,-33399.0,9.0
2025-09-17,357608,2792652,1,4052.0,-9618.0,-11.0
2025-09-24,380130,2800561,1,22522.0,7909.0,0.0
2025-10-01,374593,2781568,0,-5537.0,-18993.0,-1.0
2025-10-08,350608,2777123,2098,-23985.0,-4445.0,2098.0
2025-10-15,342417,2746091,6751,-8191.0,-31032.0,4653.0
2025-10-22,350419,2750845,1,8002.0,4754.0,-6750.0
2025-10-29,347909,2787185,10311,-2510.0,36340.0,10310.0
2025-11-05,359667,2769212,102,11758.0,-17973.0,-10209.0
2025-11-12,336468,2745407,6052,-23199.0,-23805.0,5950.0
2025-11-19,326129,2737528,6,-10339.0,-7879.0,-6046.0
2025-11-26,330182,2758927,14000,4053.0,21399.0,13994.0
2025-12-03,330055,2762756,1,-127.0,3829.0,-13999.0
2025-12-10,326514,2768185,2,-3541.0,5429.0,1.0
2025-12-17,321884,2757972,2,-4630.0,-10213.0,0.0
2025-12-24,316736,2742632,503,-5148.0,-15340.0,501.0
2025-12-31,356205,2724609,74600,39469.0,-18023.0,74097.0
2026-01-07,323718,2756827,0,-32487.0,32218.0,-74600.0
2026-01-14,314528,2760715,1,-9190.0,3888.0,1.0
2026-01-21,320044,2770578,1,5516.0,9863.0,0.0
2026-01-28,326048,2790528,6,6004.0,19950.0,5.0
2026-02-04,324445,2786526,3001,-1603.0,-4002.0,2995.0
2026-02-11,319607,2800646,113,-4838.0,14120.0,-2888.0
2026-02-18,328492,2790629,6,8885.0,-10017.0,-107.0
2026-02-25,328063,2775568,3,-429.0,-15061.0,-3.0
2026-03-04,318627,2766235,6,-9436.0,-9333.0,3.0
2026-03-11,324908,2726480,1,6281.0,-39755.0,-5.0
2026-03-18,330654,2717226,6,5746.0,-9254.0,5.0
2026-03-25,333359,2694049,7,2705.0,-23177.0,1.0
2026-04-01,337487,2731840,750,4128.0,37791.0,743.0
2026-04-08,344682,2693026,101,7195.0,-38814.0,-649.0
2026-04-15,339643,2705302,10463,-5039.0,12276.0,10362.0
2026-04-22,324586,2728359,4,-15057.0,23057.0,-10459.0
2026-04-29,321964,2735038,1,-2622.0,6679.0,-3.0
2026-05-06,321053,2726298,2,-911.0,-8740.0,1.0
2026-05-13,322628,2687059,4,1575.0,-39239.0,2.0
2026-05-20,317761,2666821,7,-4867.0,-20238.0,3.0
2026-05-27,299026,2679650,111,-18735.0,12829.0,104.0
2026-06-03,323726,2646964,4,24700.0,-32686.0,-107.0
2026-06-10,316911,2633409,5,-6815.0,-13555.0,1.0
2026-06-17,328797,2631291,2,11886.0,-2118.0,-3.0
2026-06-24,331994,2636947,4,3197.0,5656.0,2.0
2026-07-01,337437,2625883,1,5443.0,-11064.0,-3.0
2026-07-08,345128,2597278,0,7691.0,-28605.0,-1.0
2026-07-15,353928,2597917,102,8800.0,639.0,102.0
2026-07-22,352327,2622731,0,-1601.0,24814.0,-102.0
2026-07-29,334475,2656633,3,-17852.0,33902.0,3.0
2026-08-05,317718,2631099,1,-16757.0,-25534.0,-2.0
