observation_date,WLRRAFOIAL,WMTSECL1,d_WLRRAFOIAL,d_WMTSECL1
2002-12-18,21905,0,,
2002-12-25,20396,0,-1509.0,0.0
2003-01-01,21091,0,695.0,0.0
2003-01-08,18709,0,-2382.0,0.0
2003-01-15,17813,0,-896.0,0.0
2003-01-22,18523,0,710.0,0.0
2003-01-29,18466,0,-57.0,0.0
2003-02-05,17986,0,-480.0,0.0
2003-02-12,17604,0,-382.0,0.0
2003-02-19,17850,0,246.0,0.0
2003-02-26,17421,0,-429.0,0.0
2003-03-05,17959,0,538.0,0.0
2003-03-12,17912,0,-47.0,0.0
2003-03-19,17180,0,-732.0,0.0
2003-03-26,18231,0,1051.0,0.0
2003-04-02,19729,0,1498.0,0.0
2003-04-09,20291,0,562.0,0.0
2003-04-16,19801,0,-490.0,0.0
2003-04-23,19991,0,190.0,0.0
2003-04-30,20814,0,823.0,0.0
2003-05-07,20667,0,-147.0,0.0
2003-05-14,21073,0,406.0,0.0
2003-05-21,20709,0,-364.0,0.0
2003-05-28,21857,0,1148.0,0.0
2003-06-04,20423,0,-1434.0,0.0
2003-06-11,21211,0,788.0,0.0
2003-06-18,20651,0,-560.0,0.0
2003-06-25,21592,0,941.0,0.0
2003-07-02,21045,0,-547.0,0.0
2003-07-09,20254,0,-791.0,0.0
2003-07-16,20346,0,92.0,0.0
2003-07-23,19672,0,-674.0,0.0
2003-07-30,19316,0,-356.0,0.0
2003-08-06,19062,0,-254.0,0.0
2003-08-13,19138,0,76.0,0.0
2003-08-20,20344,0,1206.0,0.0
2003-08-27,19119,0,-1225.0,0.0
2003-09-03,18757,0,-362.0,0.0
2003-09-10,19719,0,962.0,0.0
2003-09-17,18972,0,-747.0,0.0
2003-09-24,18801,0,-171.0,0.0
2003-10-01,22090,0,3289.0,0.0
2003-10-08,18951,0,-3139.0,0.0
2003-10-15,18642,0,-309.0,0.0
2003-10-22,18111,0,-531.0,0.0
2003-10-29,19286,0,1175.0,0.0
2003-11-05,18251,0,-1035.0,0.0
2003-11-12,17386,0,-865.0,0.0
2003-11-19,17902,0,516.0,0.0
2003-11-26,17955,0,53.0,0.0
2003-12-03,18731,0,776.0,0.0
2003-12-10,18964,0,233.0,0.0
2003-12-17,17657,0,-1307.0,0.0
2003-12-24,19764,0,2107.0,0.0
2003-12-31,25652,0,5888.0,0.0
2004-01-07,19587,0,-6065.0,0.0
2004-01-14,20721,0,1134.0,0.0
2004-01-21,19735,0,-986.0,0.0
2004-01-28,20694,0,959.0,0.0
2004-02-04,20426,0,-268.0,0.0
2004-02-11,20059,0,-367.0,0.0
2004-02-18,19951,0,-108.0,0.0
2004-02-25,18872,0,-1079.0,0.0
2004-03-03,18886,0,14.0,0.0
2004-03-10,19191,0,305.0,0.0
2004-03-17,18770,0,-421.0,0.0
2004-03-24,19987,0,1217.0,0.0
2004-03-31,21701,0,1714.0,0.0
2004-04-07,19072,0,-2629.0,0.0
2004-04-14,19470,0,398.0,0.0
2004-04-21,19260,0,-210.0,0.0
2004-04-28,19689,0,429.0,0.0
2004-05-05,20653,0,964.0,0.0
2004-05-12,18711,0,-1942.0,0.0
2004-05-19,18273,0,-438.0,0.0
2004-05-26,19331,0,1058.0,0.0
2004-06-02,20292,0,961.0,0.0
2004-06-09,19942,0,-350.0,0.0
2004-06-16,17971,0,-1971.0,0.0
2004-06-23,17465,0,-506.0,0.0
2004-06-30,19228,0,1763.0,0.0
2004-07-07,19828,0,600.0,0.0
2004-07-14,19835,0,7.0,0.0
2004-07-21,19906,0,71.0,0.0
2004-07-28,19363,0,-543.0,0.0
2004-08-04,20576,0,1213.0,0.0
2004-08-11,20606,0,30.0,0.0
2004-08-18,21374,0,768.0,0.0
2004-08-25,20922,0,-452.0,0.0
2004-09-01,23203,0,2281.0,0.0
2004-09-08,23882,0,679.0,0.0
2004-09-15,24323,0,441.0,0.0
2004-09-22,24556,0,233.0,0.0
2004-09-29,24337,0,-219.0,0.0
2004-10-06,24736,0,399.0,0.0
2004-10-13,24985,0,249.0,0.0
2004-10-20,25843,0,858.0,0.0
2004-10-27,25761,0,-82.0,0.0
2004-11-03,26512,0,751.0,0.0
2004-11-10,27467,0,955.0,0.0
2004-11-17,27729,0,262.0,0.0
2004-11-24,28084,0,355.0,0.0
2004-12-01,27539,0,-545.0,0.0
2004-12-08,28171,0,632.0,0.0
2004-12-15,27846,0,-325.0,0.0
2004-12-22,28056,0,210.0,0.0
2004-12-29,29938,0,1882.0,0.0
2005-01-05,28647,0,-1291.0,0.0
2005-01-12,27231,0,-1416.0,0.0
2005-01-19,27594,0,363.0,0.0
2005-01-26,31074,0,3480.0,0.0
2005-02-02,27872,0,-3202.0,0.0
2005-02-09,28355,0,483.0,0.0
2005-02-16,23346,0,-5009.0,0.0
2005-02-23,23474,0,128.0,0.0
2005-03-02,25375,0,1901.0,0.0
2005-03-09,25430,0,55.0,0.0
2005-03-16,24939,0,-491.0,0.0
2005-03-23,24491,0,-448.0,0.0
2005-03-30,23691,0,-800.0,0.0
2005-04-06,22986,0,-705.0,0.0
2005-04-13,22758,0,-228.0,0.0
2005-04-20,25100,0,2342.0,0.0
2005-04-27,25068,0,-32.0,0.0
2005-05-04,26060,0,992.0,0.0
2005-05-11,25308,0,-752.0,0.0
2005-05-18,26179,0,871.0,0.0
2005-05-25,25186,0,-993.0,0.0
2005-06-01,24732,0,-454.0,0.0
2005-06-08,23956,0,-776.0,0.0
2005-06-15,23147,0,-809.0,0.0
2005-06-22,23362,0,215.0,0.0
2005-06-29,24237,0,875.0,0.0
2005-07-06,24464,0,227.0,0.0
2005-07-13,25597,0,1133.0,0.0
2005-07-20,28196,0,2599.0,0.0
2005-07-27,27277,0,-919.0,0.0
2005-08-03,22575,0,-4702.0,0.0
2005-08-10,23640,0,1065.0,0.0
2005-08-17,23503,0,-137.0,0.0
2005-08-24,24114,0,611.0,0.0
2005-08-31,26487,0,2373.0,0.0
2005-09-07,25154,0,-1333.0,0.0
2005-09-14,25960,0,806.0,0.0
2005-09-21,23991,0,-1969.0,0.0
2005-09-28,23811,0,-180.0,0.0
2005-10-05,25938,0,2127.0,0.0
2005-10-12,26281,0,343.0,0.0
2005-10-19,25082,0,-1199.0,0.0
2005-10-26,23654,0,-1428.0,0.0
2005-11-02,24939,0,1285.0,0.0
2005-11-09,25021,0,82.0,0.0
2005-11-16,25318,0,297.0,0.0
2005-11-23,24487,0,-831.0,0.0
2005-11-30,30055,0,5568.0,0.0
2005-12-07,27792,0,-2263.0,0.0
2005-12-14,26575,0,-1217.0,0.0
2005-12-21,26762,0,187.0,0.0
2005-12-28,30372,0,3610.0,0.0
2006-01-04,27567,0,-2805.0,0.0
2006-01-11,25020,0,-2547.0,0.0
2006-01-18,24729,0,-291.0,0.0
2006-01-25,21691,0,-3038.0,0.0
2006-02-01,23180,0,1489.0,0.0
2006-02-08,22678,0,-502.0,0.0
2006-02-15,22695,0,17.0,0.0
2006-02-22,24510,0,1815.0,0.0
2006-03-01,24672,0,162.0,0.0
2006-03-08,23810,0,-862.0,0.0
2006-03-15,24293,0,483.0,0.0
2006-03-22,24151,0,-142.0,0.0
2006-03-29,22419,0,-1732.0,0.0
2006-04-05,23523,0,1104.0,0.0
2006-04-12,24016,0,493.0,0.0
2006-04-19,24729,0,713.0,0.0
2006-04-26,22910,0,-1819.0,0.0
2006-05-03,24478,0,1568.0,0.0
2006-05-10,24535,0,57.0,0.0
2006-05-17,22569,0,-1966.0,0.0
2006-05-24,22803,0,234.0,0.0
2006-05-31,24603,0,1800.0,0.0
2006-06-07,23769,0,-834.0,0.0
2006-06-14,26002,0,2233.0,0.0
2006-06-21,25677,0,-325.0,0.0
2006-06-28,30400,0,4723.0,0.0
2006-07-05,29086,0,-1314.0,0.0
2006-07-12,28538,0,-548.0,0.0
2006-07-19,29587,0,1049.0,0.0
2006-07-26,28468,0,-1119.0,0.0
2006-08-02,28798,0,330.0,0.0
2006-08-09,27860,0,-938.0,0.0
2006-08-16,27509,0,-351.0,0.0
2006-08-23,26553,0,-956.0,0.0
2006-08-30,26084,0,-469.0,0.0
2006-09-06,26878,0,794.0,0.0
2006-09-13,26923,0,45.0,0.0
2006-09-20,28499,0,1576.0,0.0
2006-09-27,31466,0,2967.0,0.0
2006-10-04,29212,0,-2254.0,0.0
2006-10-11,30614,0,1402.0,0.0
2006-10-18,32895,0,2281.0,0.0
2006-10-25,31151,0,-1744.0,0.0
2006-11-01,31186,0,35.0,0.0
2006-11-08,31487,0,301.0,0.0
2006-11-15,32764,0,1277.0,0.0
2006-11-22,29335,0,-3429.0,0.0
2006-11-29,30723,0,1388.0,0.0
2006-12-06,29039,0,-1684.0,0.0
2006-12-13,28302,0,-737.0,0.0
2006-12-20,29903,0,1601.0,0.0
2006-12-27,32126,0,2223.0,0.0
2007-01-03,29742,0,-2384.0,0.0
2007-01-10,28921,0,-821.0,0.0
2007-01-17,31055,0,2134.0,0.0
2007-01-24,29419,0,-1636.0,0.0
2007-01-31,32379,0,2960.0,0.0
2007-02-07,33630,0,1251.0,0.0
2007-02-14,37336,0,3706.0,0.0
2007-02-21,38144,0,808.0,0.0
2007-02-28,39645,0,1501.0,0.0
2007-03-07,37788,0,-1857.0,0.0
2007-03-14,39727,0,1939.0,0.0
2007-03-21,38497,0,-1230.0,0.0
2007-03-28,37643,0,-854.0,0.0
2007-04-04,35475,0,-2168.0,0.0
2007-04-11,34134,0,-1341.0,0.0
2007-04-18,33971,0,-163.0,0.0
2007-04-25,34025,0,54.0,0.0
2007-05-02,35671,0,1646.0,0.0
2007-05-09,35410,0,-261.0,0.0
2007-05-16,32446,0,-2964.0,0.0
2007-05-23,32618,0,172.0,0.0
2007-05-30,34860,0,2242.0,0.0
2007-06-06,32069,0,-2791.0,0.0
2007-06-13,31579,0,-490.0,0.0
2007-06-20,30443,0,-1136.0,0.0
2007-06-27,30134,0,-309.0,0.0
2007-07-04,32209,1209781,2075.0,1209781.0
2007-07-11,31296,1222406,-913.0,12625.0
2007-07-18,32507,1228010,1211.0,5604.0
2007-07-25,31109,1222950,-1398.0,-5060.0
2007-08-01,31546,1224153,437.0,1203.0
2007-08-08,30132,1217707,-1414.0,-6446.0
2007-08-15,31941,1193747,1809.0,-23960.0
2007-08-22,29956,1181537,-1985.0,-12210.0
2007-08-29,31210,1177227,1254.0,-4310.0
2007-09-05,35098,1177006,3888.0,-221.0
2007-09-12,33490,1171809,-1608.0,-5197.0
2007-09-19,36225,1181881,2735.0,10072.0
2007-09-26,35312,1180487,-913.0,-1394.0
2007-10-03,34542,1183313,-770.0,2826.0
2007-10-10,34424,1194555,-118.0,11242.0
2007-10-17,35087,1204205,663.0,9650.0
2007-10-24,37428,1195979,2341.0,-8226.0
2007-10-31,38055,1194773,627.0,-1206.0
2007-11-07,36358,1202889,-1697.0,8116.0
2007-11-14,34703,1204963,-1655.0,2074.0
2007-11-21,35383,1189752,680.0,-15211.0
2007-11-28,34272,1191459,-1111.0,1707.0
2007-12-05,36650,1190701,2378.0,-758.0
2007-12-12,37764,1189535,1114.0,-1166.0
2007-12-19,36430,1187578,-1334.0,-1957.0
2007-12-26,40542,1192419,4112.0,4841.0
2008-01-02,40909,1194592,367.0,2173.0
2008-01-09,37773,1197559,-3136.0,2967.0
2008-01-16,41079,1206663,3306.0,9104.0
2008-01-23,37495,1214759,-3584.0,8096.0
2008-01-30,39485,1225694,1990.0,10935.0
2008-02-06,36553,1232804,-2932.0,7110.0
2008-02-13,38590,1234342,2037.0,1538.0
2008-02-20,38610,1229940,20.0,-4402.0
2008-02-27,42648,1235921,4038.0,5981.0
2008-03-05,40812,1238047,-1836.0,2126.0
2008-03-12,40197,1244856,-615.0,6809.0
2008-03-19,38893,1241731,-1304.0,-3125.0
2008-03-26,40822,1253033,1929.0,11302.0
2008-04-02,37311,1270988,-3511.0,17955.0
2008-04-09,38779,1284076,1468.0,13088.0
2008-04-16,40659,1290933,1880.0,6857.0
2008-04-23,39912,1290611,-747.0,-322.0
2008-04-30,40704,1308505,792.0,17894.0
2008-05-07,39031,1305862,-1673.0,-2643.0
2008-05-14,39114,1316330,83.0,10468.0
2008-05-21,37026,1306180,-2088.0,-10150.0
2008-05-28,38365,1305851,1339.0,-329.0
2008-06-04,42120,1310468,3755.0,4617.0
2008-06-11,39755,1315835,-2365.0,5367.0
2008-06-18,41809,1320246,2054.0,4411.0
2008-06-25,42049,1322819,240.0,2573.0
2008-07-02,41091,1339221,-958.0,16402.0
2008-07-09,41276,1331752,185.0,-7469.0
2008-07-16,43007,1323420,1731.0,-8332.0
2008-07-23,42149,1337859,-858.0,14439.0
2008-07-30,44463,1353559,2314.0,15700.0
2008-08-06,43198,1380464,-1265.0,26905.0
2008-08-13,44172,1378730,974.0,-1734.0
2008-08-20,43606,1383004,-566.0,4274.0
2008-08-27,43768,1400510,162.0,17506.0
2008-09-03,41756,1398827,-2012.0,-1683.0
2008-09-10,44296,1397591,2540.0,-1236.0
2008-09-17,46633,1409018,2337.0,11427.0
2008-09-24,65673,1407462,19040.0,-1556.0
2008-10-01,73063,1444065,7390.0,36603.0
2008-10-08,77349,1464240,4286.0,20175.0
2008-10-15,82819,1475731,5470.0,11491.0
2008-10-22,70987,1500176,-11832.0,24445.0
2008-10-29,69655,1509439,-1332.0,9263.0
2008-11-05,71663,1526819,2008.0,17380.0
2008-11-12,77318,1535144,5655.0,8325.0
2008-11-19,77909,1540979,591.0,5835.0
2008-11-26,74761,1549940,-3148.0,8961.0
2008-12-03,66994,1565064,-7767.0,15124.0
2008-12-10,67092,1580291,98.0,15227.0
2008-12-17,71928,1601761,4836.0,21470.0
2008-12-24,88317,1610717,16389.0,8956.0
2008-12-31,88352,1623461,35.0,12744.0
2009-01-07,88913,1623230,561.0,-231.0
2009-01-14,78836,1643493,-10077.0,20263.0
2009-01-21,75025,1663309,-3811.0,19816.0
2009-01-28,72214,1661341,-2811.0,-1968.0
2009-02-04,74251,1667788,2037.0,6447.0
2009-02-11,73284,1673967,-967.0,6179.0
2009-02-18,70804,1693729,-2480.0,19762.0
2009-02-25,67713,1702169,-3091.0,8440.0
2009-03-04,71262,1714427,3549.0,12258.0
2009-03-11,66385,1708325,-4877.0,-6102.0
2009-03-18,65027,1718585,-1358.0,10260.0
2009-03-25,66427,1722183,1400.0,3598.0
2009-04-01,67906,1740177,1479.0,17994.0
2009-04-08,66972,1751991,-934.0,11814.0
2009-04-15,70627,1775135,3655.0,23144.0
2009-04-22,64681,1776559,-5946.0,1424.0
2009-04-29,67284,1772767,2603.0,-3792.0
2009-05-06,65144,1787835,-2140.0,15068.0
2009-05-13,70894,1811449,5750.0,23614.0
2009-05-20,67758,1836228,-3136.0,24779.0
2009-05-27,65879,1846069,-1879.0,9841.0
2009-06-03,67420,1860345,1541.0,14276.0
2009-06-10,67043,1871109,-377.0,10764.0
2009-06-17,70166,1878633,3123.0,7524.0
2009-06-24,71941,1878767,1775.0,134.0
2009-07-01,72256,1907213,315.0,28446.0
2009-07-08,67844,1910778,-4412.0,3565.0
2009-07-15,66342,1931514,-1502.0,20736.0
2009-07-22,66833,1934247,491.0,2733.0
2009-07-29,66010,1939434,-823.0,5187.0
2009-08-05,66834,1964070,824.0,24636.0
2009-08-12,67670,1962635,836.0,-1435.0
2009-08-19,68369,1967095,699.0,4460.0
2009-08-26,68129,1979643,-240.0,12548.0
2009-09-02,68703,1987061,574.0,7418.0
2009-09-09,65874,1986887,-2829.0,-174.0
2009-09-16,68934,2015220,3060.0,28333.0
2009-09-23,70803,2017913,1869.0,2693.0
2009-09-30,68913,2028239,-1890.0,10326.0
2009-10-07,62900,2033656,-6013.0,5417.0
2009-10-14,61803,2042022,-1097.0,8366.0
2009-10-21,63608,2069014,1805.0,26992.0
2009-10-28,64446,2076854,838.0,7840.0
2009-11-04,60735,2098755,-3711.0,21901.0
2009-11-11,60403,2097345,-332.0,-1410.0
2009-11-18,59906,2110407,-497.0,13062.0
2009-11-25,58483,2101514,-1423.0,-8893.0
2009-12-02,57558,2117642,-925.0,16128.0
2009-12-09,56336,2118272,-1222.0,630.0
2009-12-16,57367,2132927,1031.0,14655.0
2009-12-23,60725,2128435,3358.0,-4492.0
2009-12-30,70450,2123192,9725.0,-5243.0
2010-01-06,67572,2123834,-2878.0,642.0
2010-01-13,64366,2121601,-3206.0,-2233.0
2010-01-20,62930,2124590,-1436.0,2989.0
2010-01-27,57794,2125972,-5136.0,1382.0
2010-02-03,53720,2134241,-4074.0,8269.0
2010-02-10,53137,2140376,-583.0,6135.0
2010-02-17,54888,2140123,1751.0,-253.0
2010-02-24,56563,2144997,1675.0,4874.0
2010-03-03,55205,2154419,-1358.0,9422.0
2010-03-10,55903,2157100,698.0,2681.0
2010-03-17,55696,2184888,-207.0,27788.0
2010-03-24,54719,2190434,-977.0,5546.0
2010-03-31,57766,2191058,3047.0,624.0
2010-04-07,56091,2200263,-1675.0,9205.0
2010-04-14,55226,2203971,-865.0,3708.0
2010-04-21,52078,2219037,-3148.0,15066.0
2010-04-28,54102,2227099,2024.0,8062.0
2010-05-05,53483,2235587,-619.0,8488.0
2010-05-12,56647,2214223,3164.0,-21364.0
2010-05-19,55764,2211501,-883.0,-2722.0
2010-05-26,58158,2217388,2394.0,5887.0
2010-06-02,59116,2222873,958.0,5485.0
2010-06-09,60763,2206337,1647.0,-16536.0
2010-06-16,59442,2215695,-1321.0,9358.0
2010-06-23,60306,2208712,864.0,-6983.0
2010-06-30,67223,2216189,6917.0,7477.0
2010-07-07,62904,2221252,-4319.0,5063.0
2010-07-14,62265,2227951,-639.0,6699.0
2010-07-21,61467,2251550,-798.0,23599.0
2010-07-28,60641,2263348,-826.0,11798.0
2010-08-04,60907,2269534,266.0,6186.0
2010-08-11,57963,2288487,-2944.0,18953.0
2010-08-18,60185,2310183,2222.0,21696.0
2010-08-25,61115,2323758,930.0,13575.0
2010-09-01,58276,2354007,-2839.0,30249.0
2010-09-08,58802,2350003,526.0,-4004.0
2010-09-15,59924,2388529,1122.0,38526.0
2010-09-22,60102,2424154,178.0,35625.0
2010-09-29,67370,2422736,7268.0,-1418.0
2010-10-06,64440,2441784,-2930.0,19048.0
2010-10-13,59973,2475649,-4467.0,33865.0
2010-10-20,56490,2497370,-3483.0,21721.0
2010-10-27,55552,2519157,-938.0,21787.0
2010-11-03,54591,2541255,-961.0,22098.0
2010-11-10,55088,2554409,497.0,13154.0
2010-11-17,54199,2565027,-889.0,10618.0
2010-11-24,54709,2552465,510.0,-12562.0
2010-12-01,52862,2563025,-1847.0,10560.0
2010-12-08,50019,2563015,-2843.0,-10.0
2010-12-15,50816,2566299,797.0,3284.0
2010-12-22,51134,2579099,318.0,12800.0
2010-12-29,59246,2563873,8112.0,-15226.0
2011-01-05,57555,2568223,-1691.0,4350.0
2011-01-12,53271,2563702,-4284.0,-4521.0
2011-01-19,52932,2555038,-339.0,-8664.0
2011-01-26,52620,2557091,-312.0,2053.0
2011-02-02,57902,2554915,5282.0,-2176.0
2011-02-09,56022,2568229,-1880.0,13314.0
2011-02-16,57826,2580348,1804.0,12119.0
2011-02-23,59484,2575834,1658.0,-4514.0
2011-03-02,62461,2574096,2977.0,-1738.0
2011-03-09,55947,2588446,-6514.0,14350.0
2011-03-16,62287,2591651,6340.0,3205.0
2011-03-23,61386,2592762,-901.0,1111.0
2011-03-30,62801,2580973,1415.0,-11789.0
2011-04-06,54622,2595328,-8179.0,14355.0
2011-04-13,54022,2602584,-600.0,7256.0
2011-04-20,56064,2613123,2042.0,10539.0
2011-04-27,57031,2635268,967.0,22145.0
2011-05-04,56973,2643885,-58.0,8617.0
2011-05-11,54715,2650873,-2258.0,6988.0
2011-05-18,57426,2653612,2711.0,2739.0
2011-05-25,54181,2638259,-3245.0,-15353.0
2011-06-01,59937,2642543,5756.0,4284.0
2011-06-08,59767,2651332,-170.0,8789.0
2011-06-15,65929,2663095,6162.0,11763.0
2011-06-22,65353,2660552,-576.0,-2543.0
2011-06-29,66607,2643279,1254.0,-17273.0
2011-07-06,67527,2656642,920.0,13363.0
2011-07-13,65052,2654102,-2475.0,-2540.0
2011-07-20,64695,2665353,-357.0,11251.0
2011-07-27,67004,2660386,2309.0,-4967.0
2011-08-03,68623,2675692,1619.0,15306.0
2011-08-10,96807,2653296,28184.0,-22396.0
2011-08-17,95911,2664794,-896.0,11498.0
2011-08-24,99519,2657879,3608.0,-6915.0
2011-08-31,104544,2656415,5025.0,-1464.0
2011-09-07,102756,2647946,-1788.0,-8469.0
2011-09-14,94116,2644507,-8640.0,-3439.0
2011-09-21,90953,2640327,-3163.0,-4180.0
2011-09-28,82815,2623648,-8138.0,-16679.0
2011-10-05,82828,2623436,13.0,-212.0
2011-10-12,73484,2615372,-9344.0,-8064.0
2011-10-19,80468,2618879,6984.0,3507.0
2011-10-26,81316,2599140,848.0,-19739.0
2011-11-02,124512,2606534,43196.0,7394.0
2011-11-09,87648,2641630,-36864.0,35096.0
2011-11-16,96829,2664630,9181.0,23000.0
2011-11-23,84779,2656527,-12050.0,-8103.0
2011-11-30,92968,2666608,8189.0,10081.0
2011-12-07,85198,2660875,-7770.0,-5733.0
2011-12-14,82472,2642911,-2726.0,-17964.0
2011-12-21,90070,2623528,7598.0,-19383.0
2011-12-28,88674,2601867,-1396.0,-21661.0
2012-01-04,88111,2593837,-563.0,-8030.0
2012-01-11,84632,2589573,-3479.0,-4264.0
2012-01-18,91093,2596697,6461.0,7124.0
2012-01-25,88715,2601010,-2378.0,4313.0
2012-02-01,83873,2610942,-4842.0,9932.0
2012-02-08,86755,2630255,2882.0,19313.0
2012-02-15,87117,2644634,362.0,14379.0
2012-02-22,89824,2643811,2707.0,-823.0
2012-02-29,87553,2642544,-2271.0,-1267.0
2012-03-07,85169,2646323,-2384.0,3779.0
2012-03-14,97750,2647019,12581.0,696.0
2012-03-21,85888,2658564,-11862.0,11545.0
2012-03-28,83227,2668773,-2661.0,10209.0
2012-04-04,83351,2685131,124.0,16358.0
2012-04-11,88889,2679385,5538.0,-5746.0
2012-04-18,91368,2683893,2479.0,4508.0
2012-04-25,92447,2691172,1079.0,7279.0
2012-05-02,90336,2703332,-2111.0,12160.0
2012-05-09,87779,2699622,-2557.0,-3710.0
2012-05-16,91022,2705710,3243.0,6088.0
2012-05-23,93575,2707268,2553.0,1558.0
2012-05-30,93526,2707401,-49.0,133.0
2012-06-06,88861,2721735,-4665.0,14334.0
2012-06-13,83419,2715740,-5442.0,-5995.0
2012-06-20,84108,2737576,689.0,21836.0
2012-06-27,83737,2736028,-371.0,-1548.0
2012-07-04,87963,2737636,4226.0,1608.0
2012-07-11,89689,2734070,1726.0,-3566.0
2012-07-18,87994,2746664,-1695.0,12594.0
2012-07-25,87501,2755366,-493.0,8702.0
2012-08-01,89806,2760738,2305.0,5372.0
2012-08-08,91505,2765862,1699.0,5124.0
2012-08-15,90684,2780752,-821.0,14890.0
2012-08-22,93713,2785112,3029.0,4360.0
2012-08-29,92651,2785428,-1062.0,316.0
2012-09-05,89848,2795021,-2803.0,9593.0
2012-09-12,89663,2796983,-185.0,1962.0
2012-09-19,93969,2812323,4306.0,15340.0
2012-09-26,89536,2812238,-4433.0,-85.0
2012-10-03,87263,2804149,-2273.0,-8089.0
2012-10-10,88335,2814793,1072.0,10644.0
2012-10-17,101307,2822886,12972.0,8093.0
2012-10-24,91709,2824606,-9598.0,1720.0
2012-10-31,99748,2833123,8039.0,8517.0
2012-11-07,92980,2834959,-6768.0,1836.0
2012-11-14,93590,2833575,610.0,-1384.0
2012-11-21,93736,2837423,146.0,3848.0
2012-11-28,93230,2848876,-506.0,11453.0
2012-12-05,94068,2850334,838.0,1458.0
2012-12-12,102444,2866875,8376.0,16541.0
2012-12-19,100964,2882762,-1480.0,15887.0
2012-12-26,99853,2891366,-1111.0,8604.0
2013-01-02,103271,2893418,3418.0,2052.0
2013-01-09,94967,2904755,-8304.0,11337.0
2013-01-16,90644,2916872,-4323.0,12117.0
2013-01-23,89893,2908197,-751.0,-8675.0
2013-01-30,98432,2908108,8539.0,-89.0
2013-02-06,84529,2950103,-13903.0,41995.0
2013-02-13,89055,2955421,4526.0,5318.0
2013-02-20,93121,2967217,4066.0,11796.0
2013-02-27,100612,2943831,7491.0,-23386.0
2013-03-06,93467,2958185,-7145.0,14354.0
2013-03-13,92190,2955260,-1277.0,-2925.0
2013-03-20,92925,2954671,735.0,-589.0
2013-03-27,92541,2945239,-384.0,-9432.0
2013-04-03,93907,2954614,1366.0,9375.0
2013-04-10,91530,2952862,-2377.0,-1752.0
2013-04-17,97577,2953983,6047.0,1121.0
2013-04-24,90455,2951413,-7122.0,-2570.0
2013-05-01,95281,2948108,4826.0,-3305.0
2013-05-08,88221,2942744,-7060.0,-5364.0
2013-05-15,89385,2965056,1164.0,22312.0
2013-05-22,86693,2967035,-2692.0,1979.0
2013-05-29,88177,2976377,1484.0,9342.0
2013-06-05,94279,2968252,6102.0,-8125.0
2013-06-12,86277,2973287,-8002.0,5035.0
2013-06-19,88367,2966372,2090.0,-6915.0
2013-06-26,88693,2934015,326.0,-32357.0
2013-07-03,91871,2942680,3178.0,8665.0
2013-07-10,85903,2939918,-5968.0,-2762.0
2013-07-17,88519,2939560,2616.0,-358.0
2013-07-24,85555,2925551,-2964.0,-14009.0
2013-07-31,91085,2923940,5530.0,-1611.0
2013-08-07,90880,2923399,-205.0,-541.0
2013-08-14,96859,2918203,5979.0,-5196.0
2013-08-21,96342,2926910,-517.0,8707.0
2013-08-28,90524,2921850,-5818.0,-5060.0
2013-09-04,92711,2929521,2187.0,7671.0
2013-09-11,92164,2923296,-547.0,-6225.0
2013-09-18,93020,2933265,856.0,9969.0
2013-09-25,96926,2928556,3906.0,-4709.0
2013-10-02,92683,2932585,-4243.0,4029.0
2013-10-09,98660,2937483,5977.0,4898.0
2013-10-16,102685,2967138,4025.0,29655.0
2013-10-23,105495,2958077,2810.0,-9061.0
2013-10-30,108834,2955009,3339.0,-3068.0
2013-11-06,104094,2958167,-4740.0,3158.0
2013-11-13,102300,2963045,-1794.0,4878.0
2013-11-20,100352,2980729,-1948.0,17684.0
2013-11-27,102018,2989566,1666.0,8837.0
2013-12-04,98497,3003165,-3521.0,13599.0
2013-12-11,101280,3019126,2783.0,15961.0
2013-12-18,100861,3021465,-419.0,2339.0
2013-12-25,109012,3007980,8151.0,-13485.0
2014-01-01,118169,2996874,9157.0,-11106.0
2014-01-08,107181,2995275,-10988.0,-1599.0
2014-01-15,109514,3000297,2333.0,5022.0
2014-01-22,108243,2994130,-1271.0,-6167.0
2014-01-29,101152,2973468,-7091.0,-20662.0
2014-02-05,95732,2965893,-5420.0,-7575.0
2014-02-12,98046,2955526,2314.0,-10367.0
2014-02-19,110586,2971217,12540.0,15691.0
2014-02-26,102563,2973439,-8023.0,2222.0
2014-03-05,96543,2959932,-6020.0,-13507.0
2014-03-12,95427,2855397,-1116.0,-104535.0
2014-03-19,95735,2887627,308.0,32230.0
2014-03-26,95851,2943888,116.0,56261.0
2014-04-02,91155,2957095,-4696.0,13207.0
2014-04-09,93230,2972205,2075.0,15110.0
2014-04-16,101771,2958868,8541.0,-13337.0
2014-04-23,108581,2943644,6810.0,-15224.0
2014-04-30,117276,2952480,8695.0,8836.0
2014-05-07,106489,2950433,-10787.0,-2047.0
2014-05-14,110485,2934717,3996.0,-15716.0
2014-05-21,103979,2933287,-6506.0,-1430.0
2014-05-28,106936,2941814,2957.0,8527.0
2014-06-04,105553,2970736,-1383.0,28922.0
2014-06-11,102261,2970633,-3292.0,-103.0
2014-06-18,103037,2980503,776.0,9870.0
2014-06-25,103070,2971818,33.0,-8685.0
2014-07-02,109630,2969684,6560.0,-2134.0
2014-07-09,103331,2980627,-6299.0,10943.0
2014-07-16,103635,2981074,304.0,447.0
2014-07-23,104949,2978619,1314.0,-2455.0
2014-07-30,112973,2972195,8024.0,-6424.0
2014-08-06,105611,2998986,-7362.0,26791.0
2014-08-13,97984,2985282,-7627.0,-13704.0
2014-08-20,118147,2990734,20163.0,5452.0
2014-08-27,102157,3012666,-15990.0,21932.0
2014-09-03,99290,3009869,-2867.0,-2797.0
2014-09-10,107303,3016027,8013.0,6158.0
2014-09-17,95288,3029889,-12015.0,13862.0
2014-09-24,99407,3017608,4119.0,-12281.0
2014-10-01,98811,3000945,-596.0,-16663.0
2014-10-08,95335,2995698,-3476.0,-5247.0
2014-10-15,99234,2981428,3899.0,-14270.0
2014-10-22,100492,2961159,1258.0,-20269.0
2014-10-29,101999,2955615,1507.0,-5544.0
2014-11-05,101695,2985698,-304.0,30083.0
2014-11-12,99889,2978332,-1806.0,-7366.0
2014-11-19,99623,2986381,-266.0,8049.0
2014-11-26,103189,2967578,3566.0,-18803.0
2014-12-03,95553,2981840,-7636.0,14262.0
2014-12-10,92031,2981922,-3522.0,82.0
2014-12-17,98233,2978012,6202.0,-3910.0
2014-12-24,96096,2965047,-2137.0,-12965.0
2014-12-31,113132,2965585,17036.0,538.0
2015-01-07,97688,2965405,-15444.0,-180.0
2015-01-14,108319,2962248,10631.0,-3157.0
2015-01-21,112545,2957685,4226.0,-4563.0
2015-01-28,117937,2929747,5392.0,-27938.0
2015-02-04,120000,2927711,2063.0,-2036.0
2015-02-11,121823,2932656,1823.0,4945.0
2015-02-18,129781,2938578,7958.0,5922.0
2015-02-25,126421,2939331,-3360.0,753.0
2015-03-04,132068,2924788,5647.0,-14543.0
2015-03-11,130910,2906153,-1158.0,-18635.0
2015-03-18,138191,2900127,7281.0,-6026.0
2015-03-25,138458,2899767,267.0,-360.0
2015-04-01,145815,2962701,7357.0,62934.0
2015-04-08,148049,2963778,2234.0,1077.0
2015-04-15,157822,2967403,9773.0,3625.0
2015-04-22,161242,2956028,3420.0,-11375.0
2015-04-29,157663,2966134,-3579.0,10106.0
2015-05-06,150211,2985859,-7452.0,19725.0
2015-05-13,151640,2986307,1429.0,448.0
2015-05-20,153915,2987685,2275.0,1378.0
2015-05-27,149809,3007099,-4106.0,19414.0
2015-06-03,147197,3025124,-2612.0,18025.0
2015-06-10,145746,3028475,-1451.0,3351.0
2015-06-17,150741,3023634,4995.0,-4841.0
2015-06-24,152774,3021400,2033.0,-2234.0
2015-07-01,156446,3032996,3672.0,11596.0
2015-07-08,156385,3009890,-61.0,-23106.0
2015-07-15,152807,3009134,-3578.0,-756.0
2015-07-22,153500,2982765,693.0,-26369.0
2015-07-29,156082,3010708,2582.0,27943.0
2015-08-05,162181,3017429,6099.0,6721.0
2015-08-12,163785,3028245,1604.0,10816.0
2015-08-19,163534,3012657,-251.0,-15588.0
2015-08-26,163157,3018221,-377.0,5564.0
2015-09-02,161571,3001386,-1586.0,-16835.0
2015-09-09,159923,2997127,-1648.0,-4259.0
2015-09-16,153836,3021781,-6087.0,24654.0
2015-09-23,159500,3023135,5664.0,1354.0
2015-09-30,191467,2997282,31967.0,-25853.0
2015-10-07,167250,2994696,-24217.0,-2586.0
2015-10-14,172262,2986392,5012.0,-8304.0
2015-10-21,180217,2974352,7955.0,-12040.0
2015-10-28,189494,2966612,9277.0,-7740.0
2015-11-04,200878,2962589,11384.0,-4023.0
2015-11-11,193869,2981198,-7009.0,18609.0
2015-11-18,191769,2993071,-2100.0,11873.0
2015-11-25,191640,3000573,-129.0,7502.0
2015-12-02,186165,3006631,-5475.0,6058.0
2015-12-09,195867,2998419,9702.0,-8212.0
2015-12-16,204714,2987062,8847.0,-11357.0
2015-12-23,211254,3004947,6540.0,17885.0
2015-12-30,221072,3001300,9818.0,-3647.0
2016-01-06,218381,2980865,-2691.0,-20435.0
2016-01-13,216687,2957509,-1694.0,-23356.0
2016-01-20,216347,2946296,-340.0,-11213.0
2016-01-27,219801,2957215,3454.0,10919.0
2016-02-03,229810,2950910,10009.0,-6305.0
2016-02-10,234398,2951907,4588.0,997.0
2016-02-17,246648,2946617,12250.0,-5290.0
2016-02-24,245611,2931187,-1037.0,-15430.0
2016-03-02,246879,2933751,1268.0,2564.0
2016-03-09,236087,2938575,-10792.0,4824.0
2016-03-16,241499,2945802,5412.0,7227.0
2016-03-23,237480,2939861,-4019.0,-5941.0
2016-03-30,242569,2940757,5089.0,896.0
2016-04-06,241052,2933742,-1517.0,-7015.0
2016-04-13,241926,2927065,874.0,-6677.0
2016-04-20,236542,2923156,-5384.0,-3909.0
2016-04-27,235681,2924033,-861.0,877.0
2016-05-04,241203,2909032,5522.0,-15001.0
2016-05-11,238056,2899580,-3147.0,-9452.0
2016-05-18,248951,2902033,10895.0,2453.0
2016-05-25,245926,2906360,-3025.0,4327.0
2016-06-01,241488,2935080,-4438.0,28720.0
2016-06-08,243590,2910927,2102.0,-24153.0
2016-06-15,243056,2934262,-534.0,23335.0
2016-06-22,244684,2923142,1628.0,-11120.0
2016-06-29,260521,2905096,15837.0,-18046.0
2016-07-06,254975,2905447,-5546.0,351.0
2016-07-13,251119,2903994,-3856.0,-1453.0
2016-07-20,248948,2902485,-2171.0,-1509.0
2016-07-27,241339,2897222,-7609.0,-5263.0
2016-08-03,243179,2888834,1840.0,-8388.0
2016-08-10,240897,2871413,-2282.0,-17421.0
2016-08-17,242356,2881501,1459.0,10088.0
2016-08-24,240510,2874628,-1846.0,-6873.0
2016-08-31,251162,2862957,10652.0,-11671.0
2016-09-07,240699,2854719,-10463.0,-8238.0
2016-09-14,252115,2827215,11416.0,-27504.0
2016-09-21,252559,2827085,444.0,-130.0
2016-09-28,242533,2811898,-10026.0,-15187.0
2016-10-05,238624,2827314,-3909.0,15416.0
2016-10-12,234429,2804995,-4195.0,-22319.0
2016-10-19,239358,2796793,4929.0,-8202.0
2016-10-26,242744,2802246,3386.0,5453.0
2016-11-02,238706,2788407,-4038.0,-13839.0
2016-11-09,232356,2793815,-6350.0,5408.0
2016-11-16,239305,2802625,6949.0,8810.0
2016-11-23,254988,2792569,15683.0,-10056.0
2016-11-30,254167,2804920,-821.0,12351.0
2016-12-07,237736,2815607,-16431.0,10687.0
2016-12-14,259318,2833313,21582.0,17706.0
2016-12-21,252695,2852468,-6623.0,19155.0
2016-12-28,249845,2860887,-2850.0,8419.0
2017-01-04,256745,2858265,6900.0,-2622.0
2017-01-11,256105,2857046,-640.0,-1219.0
2017-01-18,252759,2851859,-3346.0,-5187.0
2017-01-25,253204,2854953,445.0,3094.0
2017-02-01,258049,2839144,4845.0,-15809.0
2017-02-08,251416,2847922,-6633.0,8778.0
2017-02-15,258786,2854818,7370.0,6896.0
2017-02-22,247696,2847355,-11090.0,-7463.0
2017-03-01,248878,2844566,1182.0,-2789.0
2017-03-08,241127,2859046,-7751.0,14480.0
2017-03-15,250502,2878940,9375.0,19894.0
2017-03-22,244705,2882993,-5797.0,4053.0
2017-03-29,250540,2883579,5835.0,586.0
2017-04-05,250546,2883278,6.0,-301.0
2017-04-12,251905,2889721,1359.0,6443.0
2017-04-19,245586,2890838,-6319.0,1117.0
2017-04-26,240750,2887791,-4836.0,-3047.0
2017-05-03,245953,2896969,5203.0,9178.0
2017-05-10,237824,2909985,-8129.0,13016.0
2017-05-17,240311,2922061,2487.0,12076.0
2017-05-24,242371,2910623,2060.0,-11438.0
2017-05-31,245983,2924511,3612.0,13888.0
2017-06-07,234591,2932774,-11392.0,8263.0
2017-06-14,243014,2954765,8423.0,21991.0
2017-06-21,247467,2972599,4453.0,17834.0
2017-06-28,241166,2988792,-6301.0,16193.0
2017-07-05,246709,2994768,5543.0,5976.0
2017-07-12,240724,2997882,-5985.0,3114.0
2017-07-19,247929,2993505,7205.0,-4377.0
2017-07-26,240485,3005658,-7444.0,12153.0
2017-08-02,242243,3016768,1758.0,11110.0
2017-08-09,239319,3009493,-2924.0,-7275.0
2017-08-16,244483,3012167,5164.0,2674.0
2017-08-23,238030,3015899,-6453.0,3732.0
2017-08-30,242622,3023031,4592.0,7132.0
2017-09-06,246795,3042812,4173.0,19781.0
2017-09-13,241051,3045235,-5744.0,2423.0
2017-09-20,245544,3052535,4493.0,7300.0
2017-09-27,234990,3043819,-10554.0,-8716.0
2017-10-04,230616,3033383,-4374.0,-10436.0
2017-10-11,230470,3039389,-146.0,6006.0
2017-10-18,226840,3038068,-3630.0,-1321.0
2017-10-25,235846,3042718,9006.0,4650.0
2017-11-01,232771,3045005,-3075.0,2287.0
2017-11-08,226590,3042790,-6181.0,-2215.0
2017-11-15,228411,3037520,1821.0,-5270.0
2017-11-22,231616,3049514,3205.0,11994.0
2017-11-29,227625,3045662,-3991.0,-3852.0
2017-12-06,227346,3050251,-279.0,4589.0
2017-12-13,228737,3038987,1391.0,-11264.0
2017-12-20,222220,3024798,-6517.0,-14189.0
2017-12-27,239042,3021419,16822.0,-3379.0
2018-01-03,252368,3014079,13326.0,-7340.0
2018-01-10,240336,3017693,-12032.0,3614.0
2018-01-17,240211,3017984,-125.0,291.0
2018-01-24,238332,3013396,-1879.0,-4588.0
2018-01-31,244679,3032653,6347.0,19257.0
2018-02-07,232420,3043397,-12259.0,10744.0
2018-02-14,229882,3060064,-2538.0,16667.0
2018-02-21,234999,3072404,5117.0,12340.0
2018-02-28,232948,3078504,-2051.0,6100.0
2018-03-07,219171,3101474,-13777.0,22970.0
2018-03-14,232309,3108760,13138.0,7286.0
2018-03-21,228563,3092098,-3746.0,-16662.0
2018-03-28,237542,3090437,8979.0,-1661.0
2018-04-04,260687,3088031,23145.0,-2406.0
2018-04-11,242843,3099004,-17844.0,10973.0
2018-04-18,233727,3060861,-9116.0,-38143.0
2018-04-25,234844,3061976,1117.0,1115.0
2018-05-02,249652,3048217,14808.0,-13759.0
2018-05-09,244760,3033437,-4892.0,-14780.0
2018-05-16,254359,3030605,9599.0,-2832.0
2018-05-23,244469,3025088,-9890.0,-5517.0
2018-05-30,241634,3037303,-2835.0,12215.0
2018-06-06,243821,3037191,2187.0,-112.0
2018-06-13,236633,3033810,-7188.0,-3381.0
2018-06-20,243405,3040352,6772.0,6542.0
2018-06-27,240157,3045893,-3248.0,5541.0
2018-07-04,259753,3038269,19596.0,-7624.0
2018-07-11,248182,3035721,-11571.0,-2548.0
2018-07-18,258438,3035345,10256.0,-376.0
2018-07-25,249620,3036078,-8818.0,733.0
2018-08-01,234964,3060133,-14656.0,24055.0
2018-08-08,235731,3064763,767.0,4630.0
2018-08-15,249221,3053169,13490.0,-11594.0
2018-08-22,243078,3058309,-6143.0,5140.0
2018-08-29,231592,3050312,-11486.0,-7997.0
2018-09-05,229642,3064214,-1950.0,13902.0
2018-09-12,228231,3057258,-1411.0,-6956.0
2018-09-19,225421,3058169,-2810.0,911.0
2018-09-26,224134,3062390,-1287.0,4221.0
2018-10-03,227093,3064756,2959.0,2366.0
2018-10-10,214903,3064214,-12190.0,-542.0
2018-10-17,220203,3059426,5300.0,-4788.0
2018-10-24,219493,3055616,-710.0,-3810.0
2018-10-31,231715,3032247,12222.0,-23369.0
2018-11-07,228963,3048974,-2752.0,16727.0
2018-11-14,219451,3045815,-9512.0,-3159.0
2018-11-21,234664,3027259,15213.0,-18556.0
2018-11-28,225756,3026225,-8908.0,-1034.0
2018-12-05,232522,3032187,6766.0,5962.0
2018-12-12,234983,3016534,2461.0,-15653.0
2018-12-19,246637,3028654,11654.0,12120.0
2018-12-26,243815,3023234,-2822.0,-5420.0
2019-01-02,256913,3010531,13098.0,-12703.0
2019-01-09,257904,3027513,991.0,16982.0
2019-01-16,254639,3033022,-3265.0,5509.0
2019-01-23,242202,3019544,-12437.0,-13478.0
2019-01-30,248246,3028428,6044.0,8884.0
2019-02-06,246304,3036368,-1942.0,7940.0
2019-02-13,244568,3037766,-1736.0,1398.0
2019-02-20,252904,3043860,8336.0,6094.0
2019-02-27,249433,3057282,-3471.0,13422.0
2019-03-06,235017,3071735,-14416.0,14453.0
2019-03-13,239467,3075526,4450.0,3791.0
2019-03-20,240255,3080163,788.0,4637.0
2019-03-27,241434,3064343,1179.0,-15820.0
2019-04-03,249349,3067283,7915.0,2940.0
2019-04-10,253643,3069936,4294.0,2653.0
2019-04-17,255667,3051262,2024.0,-18674.0
2019-04-24,260885,3049139,5218.0,-2123.0
2019-05-01,269792,3048397,8907.0,-742.0
2019-05-08,260949,3063457,-8843.0,15060.0
2019-05-15,263363,3060589,2414.0,-2868.0
2019-05-22,265487,3058200,2124.0,-2389.0
2019-05-29,263191,3050952,-2296.0,-7248.0
2019-06-05,269451,3039661,6260.0,-11291.0
2019-06-12,262625,3057071,-6826.0,17410.0
2019-06-19,262338,3052703,-287.0,-4368.0
2019-06-26,264405,3034599,2067.0,-18104.0
2019-07-03,290003,3031696,25598.0,-2903.0
2019-07-10,282243,3040692,-7760.0,8996.0
2019-07-17,280636,3036249,-1607.0,-4443.0
2019-07-24,274141,3027262,-6495.0,-8987.0
2019-07-31,301343,3020886,27202.0,-6376.0
2019-08-07,280512,3026691,-20831.0,5805.0
2019-08-14,295797,3032963,15285.0,6272.0
2019-08-21,286065,3030813,-9732.0,-2150.0
2019-08-28,282465,3025316,-3600.0,-5497.0
2019-09-04,301201,3011160,18736.0,-14156.0
2019-09-11,290638,3020587,-10563.0,9427.0
2019-09-18,306208,3013669,15570.0,-6918.0
2019-09-25,290408,3011030,-15800.0,-2639.0
2019-10-02,285564,2994386,-4844.0,-16644.0
2019-10-09,289640,2966998,4076.0,-27388.0
2019-10-16,300994,2971849,11354.0,4851.0
2019-10-23,287757,2970717,-13237.0,-1132.0
2019-10-30,289465,2984180,1708.0,13463.0
2019-11-06,286846,2972644,-2619.0,-11536.0
2019-11-13,280310,2972039,-6536.0,-605.0
2019-11-20,274817,2966133,-5493.0,-5906.0
2019-11-27,281415,2961763,6598.0,-4370.0
2019-12-04,277374,2960241,-4041.0,-1522.0
2019-12-11,262028,2953905,-15346.0,-6336.0
2019-12-18,250619,2966793,-11409.0,12888.0
2019-12-25,249067,2962826,-1552.0,-3967.0
2020-01-01,272562,2956741,23495.0,-6085.0
2020-01-08,274047,2971592,1485.0,14851.0
2020-01-15,260238,2961416,-13809.0,-10176.0
2020-01-22,249753,2979204,-10485.0,17788.0
2020-01-29,233104,2975840,-16649.0,-3364.0
2020-02-05,235051,2989080,1947.0,13240.0
2020-02-12,223520,3000571,-11531.0,11491.0
2020-02-19,221815,2992204,-1705.0,-8367.0
2020-02-26,217668,3004655,-4147.0,12451.0
2020-03-04,231677,2982812,14009.0,-21843.0
2020-03-11,231950,2961623,273.0,-21189.0
2020-03-18,233469,2919968,1519.0,-41655.0
2020-03-25,261703,2868190,28234.0,-51778.0
2020-04-01,286599,2855182,24896.0,-13008.0
2020-04-08,281005,2843669,-5594.0,-11513.0
2020-04-15,276434,2857372,-4571.0,13703.0
2020-04-22,278467,2853978,2033.0,-3394.0
2020-04-29,267656,2871607,-10811.0,17629.0
2020-05-06,264031,2891121,-3625.0,19514.0
2020-05-13,267325,2907742,3294.0,16621.0
2020-05-20,256923,2922155,-10402.0,14413.0
2020-05-27,239650,2921251,-17273.0,-904.0
2020-06-03,246041,2938575,6391.0,17324.0
2020-06-10,240802,2955329,-5239.0,16754.0
2020-06-17,225461,2960181,-15341.0,4852.0
2020-06-24,220361,2970551,-5100.0,10370.0
2020-07-01,227234,2952343,6873.0,-18208.0
2020-07-08,224859,2947548,-2375.0,-4795.0
2020-07-15,224228,2946444,-631.0,-1104.0
2020-07-22,214665,2955384,-9563.0,8940.0
2020-07-29,217052,2959076,2387.0,3692.0
2020-08-05,212448,2967847,-4604.0,8771.0
2020-08-12,218243,2964756,5795.0,-3091.0
2020-08-19,211230,2978081,-7013.0,13325.0
2020-08-26,213066,2964989,1836.0,-13092.0
2020-09-02,212650,2954611,-416.0,-10378.0
2020-09-09,203964,2950918,-8686.0,-3693.0
2020-09-16,198427,2976433,-5537.0,25515.0
2020-09-23,204351,2988192,5924.0,11759.0
2020-09-30,204383,2977320,32.0,-10872.0
2020-10-07,188532,2983047,-15851.0,5727.0
2020-10-14,195828,2974563,7296.0,-8484.0
2020-10-21,187435,2954125,-8393.0,-20438.0
2020-10-28,201888,2959726,14453.0,5601.0
2020-11-04,193037,2976913,-8851.0,17187.0
2020-11-11,195811,2990772,2774.0,13859.0
2020-11-18,190134,2997656,-5677.0,6884.0
2020-11-25,197904,3019278,7770.0,21622.0
2020-12-02,185536,3021438,-12368.0,2160.0
2020-12-09,192254,3039475,6718.0,18037.0
2020-12-16,190834,3059405,-1420.0,19930.0
2020-12-23,197667,3046792,6833.0,-12613.0
2020-12-30,209111,3044237,11444.0,-2555.0
2021-01-06,206331,3059580,-2780.0,15343.0
2021-01-13,214173,3086358,7842.0,26778.0
2021-01-20,204826,3103889,-9347.0,17531.0
2021-01-27,209426,3085902,4600.0,-17987.0
2021-02-03,208755,3094463,-671.0,8561.0
2021-02-10,212031,3085639,3276.0,-8824.0
2021-02-17,201669,3097157,-10362.0,11518.0
2021-02-24,205372,3099885,3703.0,2728.0
2021-03-03,202832,3109997,-2540.0,10112.0
2021-03-10,193650,3135486,-9182.0,25489.0
2021-03-17,205516,3128086,11866.0,-7400.0
2021-03-24,212542,3120840,7026.0,-7246.0
2021-03-31,217870,3116001,5328.0,-4839.0
2021-04-07,237038,3116393,19168.0,392.0
2021-04-14,230997,3117927,-6041.0,1534.0
2021-04-21,221461,3109513,-9536.0,-8414.0
2021-04-28,216159,3101351,-5302.0,-8162.0
2021-05-05,225504,3102733,9345.0,1382.0
2021-05-12,219575,3094359,-5929.0,-8374.0
2021-05-19,228158,3086367,8583.0,-7992.0
2021-05-26,220150,3086344,-8008.0,-23.0
2021-06-02,234128,3099724,13978.0,13380.0
2021-06-09,218032,3101823,-16096.0,2099.0
2021-06-16,222818,3098053,4786.0,-3770.0
2021-06-23,242281,3095984,19463.0,-2069.0
2021-06-30,268986,3095251,26705.0,-733.0
2021-07-07,263612,3089768,-5374.0,-5483.0
2021-07-14,250992,3098206,-12620.0,8438.0
2021-07-21,250672,3078752,-320.0,-19454.0
2021-07-28,254944,3077833,4272.0,-919.0
2021-08-04,284602,3061445,29658.0,-16388.0
2021-08-11,267538,3063652,-17064.0,2207.0
2021-08-18,269745,3074668,2207.0,11016.0
2021-08-25,258021,3063316,-11724.0,-11352.0
2021-09-01,292181,3050191,34160.0,-13125.0
2021-09-08,295309,3038492,3128.0,-11699.0
2021-09-15,294334,3051705,-975.0,13213.0
2021-09-22,280751,3063757,-13583.0,12052.0
2021-09-29,286507,3061533,5756.0,-2224.0
2021-10-06,286615,3058271,108.0,-3262.0
2021-10-13,292921,3064615,6306.0,6344.0
2021-10-20,292407,3070387,-514.0,5772.0
2021-10-27,288114,3073611,-4293.0,3224.0
2021-11-03,313081,3070087,24967.0,-3524.0
2021-11-10,304354,3049956,-8727.0,-20131.0
2021-11-17,294292,3061844,-10062.0,11888.0
2021-11-24,305918,3058738,11626.0,-3106.0
2021-12-01,301930,3049911,-3988.0,-8827.0
2021-12-08,303035,3027412,1105.0,-22499.0
2021-12-15,306782,3042425,3747.0,15013.0
2021-12-22,283638,3016506,-23144.0,-25919.0
2021-12-29,278283,3011488,-5355.0,-5018.0
2022-01-05,302831,3019323,24548.0,7835.0
2022-01-12,325064,3033713,22233.0,14390.0
2022-01-19,307223,3044251,-17841.0,10538.0
2022-01-26,278144,3046318,-29079.0,2067.0
2022-02-02,279676,3061188,1532.0,14870.0
2022-02-09,254738,3054240,-24938.0,-6948.0
2022-02-16,257328,3043010,2590.0,-11230.0
2022-02-23,254789,3040862,-2539.0,-2148.0
2022-03-02,249441,3035026,-5348.0,-5836.0
2022-03-09,243742,3024206,-5699.0,-10820.0
2022-03-16,251000,3027331,7258.0,3125.0
2022-03-23,251396,3034738,396.0,7407.0
2022-03-30,254844,3051664,3448.0,16926.0
2022-04-06,244166,3053519,-10678.0,1855.0
2022-04-13,254777,3032648,10611.0,-20871.0
2022-04-20,297717,3033083,42940.0,435.0
2022-04-27,288401,3025856,-9316.0,-7227.0
2022-05-04,282897,3027229,-5504.0,1373.0
2022-05-11,298644,3016518,15747.0,-10711.0
2022-05-18,268249,3005181,-30395.0,-11337.0
2022-05-25,262471,3001009,-5778.0,-4172.0
2022-06-01,265525,2987446,3054.0,-13563.0
2022-06-08,264037,2991502,-1488.0,4056.0
2022-06-15,258680,2994035,-5357.0,2533.0
2022-06-22,256688,2998923,-1992.0,4888.0
2022-06-29,261271,2987240,4583.0,-11683.0
2022-07-06,272624,2967655,11353.0,-19585.0
2022-07-13,287550,2964981,14926.0,-2674.0
2022-07-20,294271,2959853,6721.0,-5128.0
2022-07-27,295259,2962624,988.0,2771.0
2022-08-03,265602,2971419,-29657.0,8795.0
2022-08-10,268053,2980510,2451.0,9091.0
2022-08-17,268217,2987045,164.0,6535.0
2022-08-24,257288,2993297,-10929.0,6252.0
2022-08-31,277259,2991993,19971.0,-1304.0
2022-09-07,252911,2992029,-24348.0,36.0
2022-09-14,301110,2977631,48199.0,-14398.0
2022-09-21,295468,2978433,-5642.0,802.0
2022-09-28,271491,2940445,-23977.0,-37988.0
2022-10-05,314046,2911048,42555.0,-29397.0
2022-10-12,333141,2922439,19095.0,11391.0
2022-10-19,329824,2928749,-3317.0,6310.0
2022-10-26,302508,2914011,-27316.0,-14738.0
2022-11-02,350739,2900914,48231.0,-13097.0
2022-11-09,354278,2906575,3539.0,5661.0
2022-11-16,377021,2890828,22743.0,-15747.0
2022-11-23,361030,2909846,-15991.0,19018.0
2022-11-30,380593,2897772,19563.0,-12074.0
2022-12-07,368000,2901385,-12593.0,3613.0
2022-12-14,358576,2901131,-9424.0,-254.0
2022-12-21,355397,2896818,-3179.0,-4313.0
2022-12-28,334149,2910992,-21248.0,14174.0
2023-01-04,332341,2918126,-1808.0,7134.0
2023-01-11,348636,2922395,16295.0,4269.0
2023-01-18,371584,2912435,22948.0,-9960.0
2023-01-25,383643,2916116,12059.0,3681.0
2023-02-01,376083,2915723,-7560.0,-393.0
2023-02-08,359327,2929820,-16756.0,14097.0
2023-02-15,350506,2944867,-8821.0,15047.0
2023-02-22,357508,2945443,7002.0,576.0
2023-03-01,366661,2940082,9153.0,-5361.0
2023-03-08,367113,2950306,452.0,10224.0
2023-03-15,367303,2939420,190.0,-10886.0
2023-03-22,370376,2863419,3073.0,-76001.0
2023-03-29,367680,2882544,-2696.0,19125.0
2023-04-05,356392,2907392,-11288.0,24848.0
2023-04-12,372865,2913806,16473.0,6414.0
2023-04-19,371666,2923907,-1199.0,10101.0
2023-04-26,359244,2967261,-12422.0,43354.0
2023-05-03,382729,2959046,23485.0,-8215.0
2023-05-10,385029,2960810,2300.0,1764.0
2023-05-17,384951,2963702,-78.0,2892.0
2023-05-24,360297,2975104,-24654.0,11402.0
2023-05-31,360818,2976268,521.0,1164.0
2023-06-07,346520,2979178,-14298.0,2910.0
2023-06-14,327966,2983747,-18554.0,4569.0
2023-06-21,333167,2998709,5201.0,14962.0
2023-06-28,326660,3004306,-6507.0,5597.0
2023-07-05,324259,2999711,-2401.0,-4595.0
2023-07-12,327697,3003061,3438.0,3350.0
2023-07-19,325881,2979588,-1816.0,-23473.0
2023-07-26,317242,3001796,-8639.0,22208.0
2023-08-02,302223,3020076,-15019.0,18280.0
2023-08-09,299933,3009610,-2290.0,-10466.0
2023-08-16,299941,3012693,8.0,3083.0
2023-08-23,295981,3000551,-3960.0,-12142.0
2023-08-30,301504,3000447,5523.0,-104.0
2023-09-06,293634,2999592,-7870.0,-855.0
2023-09-13,289409,3001665,-4225.0,2073.0
2023-09-20,317723,3004797,28314.0,3132.0
2023-09-27,312304,3000290,-5419.0,-4507.0
2023-10-04,289984,2991213,-22320.0,-9077.0
2023-10-11,290370,2994863,386.0,3650.0
2023-10-18,298147,2991511,7777.0,-3352.0
2023-10-25,302498,2991443,4351.0,-68.0
2023-11-01,317053,2978012,14555.0,-13431.0
2023-11-08,319406,2995298,2353.0,17286.0
2023-11-15,323732,2979508,4326.0,-15790.0
2023-11-22,340075,2966240,16343.0,-13268.0
2023-11-29,339969,2954404,-106.0,-11836.0
2023-12-06,338030,2953774,-1939.0,-630.0
2023-12-13,328903,2965258,-9127.0,11484.0
2023-12-20,345059,2952278,16156.0,-12980.0
2023-12-27,346705,2966930,1646.0,14652.0
2024-01-03,366078,2960091,19373.0,-6839.0
2024-01-10,361183,2954143,-4895.0,-5948.0
2024-01-17,346132,2948171,-15051.0,-5972.0
2024-01-24,340509,2926746,-5623.0,-21425.0
2024-01-31,362224,2924590,21715.0,-2156.0
2024-02-07,337124,2943218,-25100.0,18628.0
2024-02-14,330240,2948081,-6884.0,4863.0
2024-02-21,339743,2946162,9503.0,-1919.0
2024-02-28,338946,2924944,-797.0,-21218.0
2024-03-06,336547,2928074,-2399.0,3130.0
2024-03-13,332940,2931118,-3607.0,3044.0
2024-03-20,349221,2939668,16281.0,8550.0
2024-03-27,354389,2933972,5168.0,-5696.0
2024-04-03,365005,2945559,10616.0,11587.0
2024-04-10,353381,2962588,-11624.0,17029.0
2024-04-17,355132,2962467,1751.0,-121.0
2024-04-24,368044,2951583,12912.0,-10884.0
2024-05-01,359917,2961121,-8127.0,9538.0
2024-05-08,361537,2950539,1620.0,-10582.0
2024-05-15,383431,2931375,21894.0,-19164.0
2024-05-22,368528,2927435,-14903.0,-3940.0
2024-05-29,365288,2930784,-3240.0,3349.0
2024-06-05,374004,2936038,8716.0,5254.0
2024-06-12,385182,2932148,11178.0,-3890.0
2024-06-19,389327,2917368,4145.0,-14780.0
2024-06-26,389610,2920502,283.0,3134.0
2024-07-03,385410,2931700,-4200.0,11198.0
2024-07-10,399096,2923464,13686.0,-8236.0
2024-07-17,390640,2929223,-8456.0,5759.0
2024-07-24,406846,2919394,16206.0,-9829.0
2024-07-31,400061,2918537,-6785.0,-857.0
2024-08-07,395221,2914802,-4840.0,-3735.0
2024-08-14,393726,2917371,-1495.0,2569.0
2024-08-21,397198,2923749,3472.0,6378.0
2024-08-28,413111,2930488,15913.0,6739.0
2024-09-04,406940,2935477,-6171.0,4989.0
2024-09-11,420009,2937107,13069.0,1630.0
2024-09-18,417774,2941746,-2235.0,4639.0
2024-09-25,417121,2939061,-653.0,-2685.0
2024-10-02,415856,2926912,-1265.0,-12149.0
2024-10-09,395849,2937267,-20007.0,10355.0
2024-10-16,396944,2928845,1095.0,-8422.0
2024-10-23,397778,2935061,834.0,6216.0
2024-10-30,398061,2936186,283.0,1125.0
2024-11-06,395206,2939763,-2855.0,3577.0
2024-11-13,390018,2937566,-5188.0,-2197.0
2024-11-20,382349,2928799,-7669.0,-8767.0
2024-11-27,399694,2930099,17345.0,1300.0
2024-12-04,384697,2923942,-14997.0,-6157.0
2024-12-11,416164,2903649,31467.0,-20293.0
2024-12-18,390558,2919184,-25606.0,15535.0
2024-12-25,385338,2903537,-5220.0,-15647.0
2025-01-01,414935,2879873,29597.0,-23664.0
2025-01-08,386376,2849534,-28559.0,-30339.0
2025-01-15,384664,2873800,-1712.0,24266.0
2025-01-22,392468,2881285,7804.0,7485.0
2025-01-29,374545,2899649,-17923.0,18364.0
2025-02-05,376625,2912217,2080.0,12568.0
2025-02-12,384797,2928345,8172.0,16128.0
2025-02-19,387833,2917590,3036.0,-10755.0
2025-02-26,385726,2926670,-2107.0,9080.0
2025-03-05,391396,2934671,5670.0,8001.0
2025-03-12,391096,2928628,-300.0,-6043.0
2025-03-19,378099,2945911,-12997.0,17283.0
2025-03-26,387240,2931015,9141.0,-14896.0
2025-04-02,388765,2929255,1525.0,-1760.0
2025-04-09,366138,2932857,-22627.0,3602.0
2025-04-16,357656,2939491,-8482.0,6634.0
2025-04-23,373210,2943493,15554.0,4002.0
2025-04-30,381521,2916875,8311.0,-26618.0
2025-05-07,369695,2919091,-11826.0,2216.0
2025-05-14,354189,2909440,-15506.0,-9651.0
2025-05-21,371341,2905298,17152.0,-4142.0
2025-05-28,370470,2909004,-871.0,3706.0
2025-06-04,375045,2906955,4575.0,-2049.0
2025-06-11,371435,2874865,-3610.0,-32090.0
2025-06-18,372139,2882931,704.0,8066.0
2025-06-25,373172,2875504,1033.0,-7427.0
2025-07-02,393831,2899846,20659.0,24342.0
2025-07-09,382500,2891998,-11331.0,-7848.0
2025-07-16,377599,2875252,-4901.0,-16746.0
2025-07-23,377374,2875668,-225.0,416.0
2025-07-30,370200,2905748,-7174.0,30080.0
2025-08-06,353909,2879461,-16291.0,-26287.0
2025-08-13,344999,2856708,-8910.0,-22753.0
2025-08-20,364067,2835738,19068.0,-20970.0
2025-08-27,358411,2842499,-5656.0,6761.0
2025-09-03,350808,2835669,-7603.0,-6830.0
2025-09-10,353556,2802270,2748.0,-33399.0
2025-09-17,357608,2792652,4052.0,-9618.0
2025-09-24,380130,2800561,22522.0,7909.0
2025-10-01,374593,2781568,-5537.0,-18993.0
2025-10-08,350608,2777123,-23985.0,-4445.0
2025-10-15,342417,2746091,-8191.0,-31032.0
2025-10-22,350419,2750845,8002.0,4754.0
2025-10-29,347909,2787185,-2510.0,36340.0
2025-11-05,359667,2769212,11758.0,-17973.0
2025-11-12,336468,2745407,-23199.0,-23805.0
2025-11-19,326129,2737528,-10339.0,-7879.0
2025-11-26,330182,2758927,4053.0,21399.0
2025-12-03,330055,2762756,-127.0,3829.0
2025-12-10,326514,2768185,-3541.0,5429.0
2025-12-17,321884,2757972,-4630.0,-10213.0
2025-12-24,316736,2742632,-5148.0,-15340.0
2025-12-31,356205,2724609,39469.0,-18023.0
2026-01-07,323718,2756827,-32487.0,32218.0
2026-01-14,314528,2760715,-9190.0,3888.0
2026-01-21,320044,2770578,5516.0,9863.0
2026-01-28,326048,2790528,6004.0,19950.0
2026-02-04,324445,2786526,-1603.0,-4002.0
2026-02-11,319607,2800646,-4838.0,14120.0
2026-02-18,328492,2790629,8885.0,-10017.0
2026-02-25,328063,2775568,-429.0,-15061.0
2026-03-04,318627,2766235,-9436.0,-9333.0
2026-03-11,324908,2726480,6281.0,-39755.0
2026-03-18,330654,2717226,5746.0,-9254.0
2026-03-25,333359,2694049,2705.0,-23177.0
2026-04-01,337487,2731840,4128.0,37791.0
2026-04-08,344682,2693026,7195.0,-38814.0
2026-04-15,339643,2705302,-5039.0,12276.0
2026-04-22,324586,2728359,-15057.0,23057.0
2026-04-29,321964,2735038,-2622.0,6679.0
2026-05-06,321053,2726298,-911.0,-8740.0
2026-05-13,322628,2687059,1575.0,-39239.0
2026-05-20,317761,2666821,-4867.0,-20238.0
2026-05-27,299026,2679650,-18735.0,12829.0
2026-06-03,323726,2646964,24700.0,-32686.0
2026-06-10,316911,2633409,-6815.0,-13555.0
2026-06-17,328797,2631291,11886.0,-2118.0
2026-06-24,331994,2636947,3197.0,5656.0
2026-07-01,337437,2625883,5443.0,-11064.0
2026-07-08,345128,2597278,7691.0,-28605.0
2026-07-15,353928,2597917,8800.0,639.0
2026-07-22,352327,2622731,-1601.0,24814.0
2026-07-29,334475,2656633,-17852.0,33902.0
2026-08-05,317718,2631099,-16757.0,-25534.0
