time,open,high,low,close,volume
2026-08-13T17:54:00+09:00,159.398,159.4,159.395,159.397,102
2026-08-13T17:55:00+09:00,159.398,159.404,159.396,159.401,91
2026-08-13T17:56:00+09:00,159.4,159.413,159.397,159.4,87
2026-08-13T17:57:00+09:00,159.402,159.41,159.399,159.402,65
2026-08-13T17:58:00+09:00,159.404,159.41,159.394,159.41,53
2026-08-13T17:59:00+09:00,159.41,159.41,159.405,159.406,46
2026-08-13T18:00:00+09:00,159.406,159.421,159.398,159.4,110
2026-08-13T18:01:00+09:00,159.402,159.417,159.401,159.413,69
2026-08-13T18:02:00+09:00,159.412,159.424,159.412,159.422,146
2026-08-13T18:03:00+09:00,159.422,159.424,159.414,159.415,100
2026-08-13T18:04:00+09:00,159.414,159.438,159.414,159.427,131
2026-08-13T18:05:00+09:00,159.426,159.428,159.415,159.42,109
2026-08-13T18:06:00+09:00,159.42,159.424,159.416,159.418,52
2026-08-13T18:07:00+09:00,159.418,159.424,159.418,159.42,106
2026-08-13T18:08:00+09:00,159.42,159.42,159.41,159.412,96
2026-08-13T18:09:00+09:00,159.41,159.412,159.399,159.41,103
2026-08-13T18:10:00+09:00,159.41,159.412,159.4,159.4,137
2026-08-13T18:11:00+09:00,159.401,159.41,159.4,159.404,83
2026-08-13T18:12:00+09:00,159.404,159.406,159.396,159.398,95
2026-08-13T18:13:00+09:00,159.398,159.398,159.391,159.392,82
2026-08-13T18:14:00+09:00,159.392,159.393,159.388,159.39,86
2026-08-13T18:15:00+09:00,159.39,159.391,159.38,159.38,89
2026-08-13T18:16:00+09:00,159.38,159.394,159.38,159.385,125
2026-08-13T18:17:00+09:00,159.386,159.386,159.377,159.381,85
2026-08-13T18:18:00+09:00,159.38,159.385,159.374,159.377,97
2026-08-13T18:19:00+09:00,159.378,159.378,159.364,159.372,105
2026-08-13T18:20:00+09:00,159.372,159.382,159.368,159.376,120
2026-08-13T18:21:00+09:00,159.376,159.379,159.375,159.379,42
2026-08-13T18:22:00+09:00,159.38,159.387,159.377,159.384,112
2026-08-13T18:23:00+09:00,159.384,159.386,159.376,159.38,127
2026-08-13T18:24:00+09:00,159.382,159.384,159.375,159.381,86
2026-08-13T18:25:00+09:00,159.382,159.383,159.37,159.379,128
2026-08-13T18:26:00+09:00,159.38,159.386,159.377,159.383,80
2026-08-13T18:27:00+09:00,159.383,159.384,159.375,159.382,119
2026-08-13T18:28:00+09:00,159.383,159.388,159.383,159.384,74
2026-08-13T18:29:00+09:00,159.384,159.388,159.38,159.388,122
2026-08-13T18:30:00+09:00,159.388,159.398,159.388,159.394,172
2026-08-13T18:31:00+09:00,159.395,159.398,159.39,159.395,127
2026-08-13T18:32:00+09:00,159.394,159.395,159.385,159.386,155
2026-08-13T18:33:00+09:00,159.385,159.387,159.374,159.376,83
2026-08-13T18:34:00+09:00,159.375,159.38,159.37,159.377,127
2026-08-13T18:35:00+09:00,159.376,159.377,159.359,159.366,190
2026-08-13T18:36:00+09:00,159.366,159.367,159.36,159.362,129
2026-08-13T18:37:00+09:00,159.362,159.362,159.353,159.356,123
2026-08-13T18:38:00+09:00,159.356,159.357,159.352,159.352,144
2026-08-13T18:39:00+09:00,159.354,159.368,159.35,159.364,113
2026-08-13T18:40:00+09:00,159.364,159.37,159.363,159.368,59
2026-08-13T18:41:00+09:00,159.367,159.371,159.366,159.368,52
2026-08-13T18:42:00+09:00,159.369,159.374,159.368,159.372,86
2026-08-13T18:43:00+09:00,159.372,159.372,159.359,159.362,111
2026-08-13T18:44:00+09:00,159.362,159.364,159.358,159.359,82
2026-08-13T18:45:00+09:00,159.359,159.362,159.352,159.352,118
2026-08-13T18:46:00+09:00,159.352,159.358,159.352,159.357,132
2026-08-13T18:47:00+09:00,159.356,159.358,159.352,159.353,77
2026-08-13T18:48:00+09:00,159.352,159.354,159.338,159.34,65
2026-08-13T18:49:00+09:00,159.341,159.344,159.337,159.34,75
2026-08-13T18:50:00+09:00,159.34,159.343,159.338,159.34,86
2026-08-13T18:51:00+09:00,159.34,159.354,159.34,159.349,106
2026-08-13T18:52:00+09:00,159.35,159.351,159.339,159.34,126
2026-08-13T18:53:00+09:00,159.339,159.345,159.338,159.339,128
2026-08-13T18:54:00+09:00,159.34,159.344,159.337,159.34,54
2026-08-13T18:55:00+09:00,159.34,159.341,159.338,159.338,41
2026-08-13T18:56:00+09:00,159.337,159.338,159.325,159.328,71
2026-08-13T18:57:00+09:00,159.328,159.333,159.324,159.326,121
2026-08-13T18:58:00+09:00,159.328,159.344,159.328,159.343,109
2026-08-13T18:59:00+09:00,159.344,159.344,159.338,159.341,109
2026-08-13T19:00:00+09:00,159.343,159.35,159.34,159.349,83
2026-08-13T19:01:00+09:00,159.347,159.354,159.347,159.349,113
2026-08-13T19:02:00+09:00,159.35,159.365,159.348,159.364,199
2026-08-13T19:03:00+09:00,159.366,159.368,159.353,159.356,95
2026-08-13T19:04:00+09:00,159.357,159.361,159.348,159.355,110
2026-08-13T19:05:00+09:00,159.354,159.356,159.348,159.352,77
2026-08-13T19:06:00+09:00,159.35,159.352,159.334,159.335,86
2026-08-13T19:07:00+09:00,159.336,159.338,159.332,159.334,65
2026-08-13T19:08:00+09:00,159.336,159.346,159.332,159.346,75
2026-08-13T19:09:00+09:00,159.346,159.346,159.342,159.346,35
2026-08-13T19:10:00+09:00,159.346,159.361,159.344,159.36,102
2026-08-13T19:11:00+09:00,159.36,159.36,159.348,159.35,87
2026-08-13T19:12:00+09:00,159.351,159.351,159.338,159.346,65
2026-08-13T19:13:00+09:00,159.345,159.348,159.342,159.348,59
2026-08-13T19:14:00+09:00,159.348,159.358,159.346,159.354,48
2026-08-13T19:15:00+09:00,159.352,159.358,159.35,159.354,70
2026-08-13T19:16:00+09:00,159.356,159.36,159.353,159.354,69
2026-08-13T19:17:00+09:00,159.354,159.354,159.348,159.354,67
2026-08-13T19:18:00+09:00,159.353,159.358,159.324,159.33,137
2026-08-13T19:19:00+09:00,159.331,159.342,159.331,159.336,165
2026-08-13T19:20:00+09:00,159.337,159.346,159.335,159.338,131
2026-08-13T19:21:00+09:00,159.338,159.338,159.332,159.334,150
2026-08-13T19:22:00+09:00,159.335,159.336,159.326,159.33,196
2026-08-13T19:23:00+09:00,159.33,159.332,159.326,159.326,67
2026-08-13T19:24:00+09:00,159.327,159.334,159.324,159.332,87
2026-08-13T19:25:00+09:00,159.332,159.336,159.326,159.326,84
2026-08-13T19:26:00+09:00,159.328,159.332,159.326,159.331,107
2026-08-13T19:27:00+09:00,159.332,159.333,159.325,159.325,90
2026-08-13T19:28:00+09:00,159.326,159.332,159.325,159.33,40
2026-08-13T19:29:00+09:00,159.333,159.341,159.326,159.327,120
2026-08-13T19:30:00+09:00,159.326,159.328,159.317,159.32,107
2026-08-13T19:31:00+09:00,159.32,159.325,159.316,159.322,101
2026-08-13T19:32:00+09:00,159.324,159.324,159.316,159.322,100
2026-08-13T19:33:00+09:00,159.322,159.333,159.32,159.332,81
2026-08-13T19:34:00+09:00,159.332,159.333,159.322,159.324,100
2026-08-13T19:35:00+09:00,159.322,159.328,159.322,159.327,96
2026-08-13T19:36:00+09:00,159.326,159.334,159.326,159.332,100
2026-08-13T19:37:00+09:00,159.33,159.332,159.326,159.33,46
2026-08-13T19:38:00+09:00,159.331,159.335,159.33,159.332,83
2026-08-13T19:39:00+09:00,159.332,159.342,159.332,159.342,58
2026-08-13T19:40:00+09:00,159.344,159.345,159.338,159.338,70
2026-08-13T19:41:00+09:00,159.338,159.338,159.328,159.329,106
2026-08-13T19:42:00+09:00,159.33,159.334,159.329,159.332,83
2026-08-13T19:43:00+09:00,159.331,159.334,159.328,159.328,51
2026-08-13T19:44:00+09:00,159.33,159.331,159.326,159.326,58
2026-08-13T19:45:00+09:00,159.327,159.334,159.324,159.334,68
2026-08-13T19:46:00+09:00,159.334,159.338,159.332,159.332,74
2026-08-13T19:47:00+09:00,159.333,159.34,159.332,159.34,89
2026-08-13T19:48:00+09:00,159.339,159.342,159.336,159.34,62
2026-08-13T19:49:00+09:00,159.34,159.346,159.34,159.34,29
2026-08-13T19:50:00+09:00,159.34,159.344,159.338,159.342,73
2026-08-13T19:51:00+09:00,159.343,159.346,159.336,159.34,75
2026-08-13T19:52:00+09:00,159.34,159.341,159.337,159.337,36
2026-08-13T19:53:00+09:00,159.338,159.346,159.336,159.345,76
2026-08-13T19:54:00+09:00,159.344,159.346,159.34,159.341,64
2026-08-13T19:55:00+09:00,159.34,159.346,159.336,159.342,112
2026-08-13T19:56:00+09:00,159.341,159.342,159.336,159.339,56
2026-08-13T19:57:00+09:00,159.34,159.36,159.339,159.348,111
2026-08-13T19:58:00+09:00,159.348,159.349,159.345,159.348,46
2026-08-13T19:59:00+09:00,159.347,159.348,159.34,159.346,69
2026-08-13T20:00:00+09:00,159.346,159.348,159.339,159.344,104
2026-08-13T20:01:00+09:00,159.344,159.352,159.344,159.345,102
2026-08-13T20:02:00+09:00,159.347,159.348,159.336,159.342,92
2026-08-13T20:03:00+09:00,159.342,159.35,159.34,159.348,95
2026-08-13T20:04:00+09:00,159.346,159.352,159.344,159.344,117
2026-08-13T20:05:00+09:00,159.344,159.35,159.344,159.348,58
2026-08-13T20:06:00+09:00,159.348,159.35,159.342,159.345,75
2026-08-13T20:07:00+09:00,159.346,159.346,159.338,159.338,38
2026-08-13T20:08:00+09:00,159.339,159.344,159.337,159.337,46
2026-08-13T20:09:00+09:00,159.338,159.338,159.324,159.326,72
2026-08-13T20:10:00+09:00,159.324,159.33,159.324,159.328,48
2026-08-13T20:11:00+09:00,159.328,159.328,159.318,159.322,111
2026-08-13T20:12:00+09:00,159.323,159.324,159.241,159.303,349
2026-08-13T20:13:00+09:00,159.304,159.304,159.291,159.3,139
2026-08-13T20:14:00+09:00,159.3,159.304,159.29,159.304,80
2026-08-13T20:15:00+09:00,159.303,159.312,159.295,159.298,99
2026-08-13T20:16:00+09:00,159.298,159.305,159.297,159.305,83
2026-08-13T20:17:00+09:00,159.306,159.313,159.301,159.308,87
2026-08-13T20:18:00+09:00,159.308,159.312,159.303,159.304,88
2026-08-13T20:19:00+09:00,159.304,159.322,159.3,159.316,114
2026-08-13T20:20:00+09:00,159.318,159.318,159.304,159.305,100
2026-08-13T20:21:00+09:00,159.304,159.322,159.304,159.31,118
2026-08-13T20:22:00+09:00,159.31,159.31,159.29,159.29,99
2026-08-13T20:23:00+09:00,159.289,159.298,159.286,159.291,106
2026-08-13T20:24:00+09:00,159.292,159.292,159.284,159.29,86
2026-08-13T20:25:00+09:00,159.289,159.3,159.288,159.288,128
2026-08-13T20:26:00+09:00,159.288,159.292,159.286,159.288,88
2026-08-13T20:27:00+09:00,159.288,159.292,159.284,159.288,74
2026-08-13T20:28:00+09:00,159.286,159.302,159.286,159.297,82
2026-08-13T20:29:00+09:00,159.296,159.302,159.296,159.296,55
2026-08-13T20:30:00+09:00,159.297,159.3,159.286,159.298,80
2026-08-13T20:31:00+09:00,159.298,159.312,159.294,159.308,125
2026-08-13T20:32:00+09:00,159.31,159.31,159.302,159.304,64
2026-08-13T20:33:00+09:00,159.306,159.306,159.302,159.304,33
2026-08-13T20:34:00+09:00,159.303,159.304,159.301,159.301,31
2026-08-13T20:35:00+09:00,159.302,159.302,159.29,159.298,82
2026-08-13T20:36:00+09:00,159.297,159.299,159.29,159.29,110
2026-08-13T20:37:00+09:00,159.289,159.293,159.289,159.291,55
2026-08-13T20:38:00+09:00,159.292,159.292,159.287,159.289,61
2026-08-13T20:39:00+09:00,159.29,159.3,159.287,159.292,156
2026-08-13T20:40:00+09:00,159.292,159.3,159.289,159.291,104
2026-08-13T20:41:00+09:00,159.29,159.3,159.288,159.3,66
2026-08-13T20:42:00+09:00,159.296,159.302,159.292,159.296,127
2026-08-13T20:43:00+09:00,159.296,159.296,159.288,159.29,83
2026-08-13T20:44:00+09:00,159.29,159.298,159.288,159.294,213
2026-08-13T20:45:00+09:00,159.294,159.302,159.29,159.299,197
2026-08-13T20:46:00+09:00,159.298,159.304,159.298,159.302,91
2026-08-13T20:47:00+09:00,159.303,159.304,159.3,159.302,97
2026-08-13T20:48:00+09:00,159.3,159.313,159.3,159.309,118
2026-08-13T20:49:00+09:00,159.308,159.31,159.302,159.304,88
2026-08-13T20:50:00+09:00,159.304,159.306,159.298,159.3,77
2026-08-13T20:51:00+09:00,159.3,159.302,159.297,159.3,126
2026-08-13T20:52:00+09:00,159.298,159.302,159.296,159.301,59
2026-08-13T20:53:00+09:00,159.302,159.316,159.301,159.316,110
2026-08-13T20:54:00+09:00,159.315,159.332,159.312,159.328,178
2026-08-13T20:55:00+09:00,159.33,159.341,159.328,159.336,149
2026-08-13T20:56:00+09:00,159.334,159.34,159.332,159.338,190
2026-08-13T20:57:00+09:00,159.337,159.346,159.337,159.343,173
2026-08-13T20:58:00+09:00,159.342,159.344,159.335,159.344,121
2026-08-13T20:59:00+09:00,159.345,159.348,159.336,159.336,76
2026-08-13T21:00:00+09:00,159.337,159.342,159.326,159.339,133
2026-08-13T21:01:00+09:00,159.338,159.348,159.332,159.344,169
2026-08-13T21:02:00+09:00,159.344,159.35,159.342,159.347,100
2026-08-13T21:03:00+09:00,159.35,159.361,159.344,159.348,147
2026-08-13T21:04:00+09:00,159.348,159.348,159.338,159.338,94
2026-08-13T21:05:00+09:00,159.338,159.339,159.33,159.337,124
2026-08-13T21:06:00+09:00,159.336,159.338,159.325,159.328,97
2026-08-13T21:07:00+09:00,159.327,159.336,159.316,159.322,129
2026-08-13T21:08:00+09:00,159.322,159.332,159.32,159.326,137
2026-08-13T21:09:00+09:00,159.325,159.329,159.322,159.328,175
2026-08-13T21:10:00+09:00,159.328,159.348,159.326,159.342,207
2026-08-13T21:11:00+09:00,159.34,159.348,159.338,159.34,119
2026-08-13T21:12:00+09:00,159.34,159.352,159.338,159.351,75
2026-08-13T21:13:00+09:00,159.35,159.354,159.344,159.346,93
2026-08-13T21:14:00+09:00,159.346,159.35,159.344,159.347,82
2026-08-13T21:15:00+09:00,159.346,159.361,159.34,159.356,148
2026-08-13T21:16:00+09:00,159.356,159.367,159.352,159.362,100
2026-08-13T21:17:00+09:00,159.364,159.374,159.364,159.37,137
2026-08-13T21:18:00+09:00,159.371,159.372,159.362,159.365,136
2026-08-13T21:19:00+09:00,159.364,159.365,159.35,159.355,90
2026-08-13T21:20:00+09:00,159.354,159.359,159.347,159.354,126
2026-08-13T21:21:00+09:00,159.35,159.354,159.348,159.351,97
2026-08-13T21:22:00+09:00,159.352,159.36,159.35,159.352,145
2026-08-13T21:23:00+09:00,159.352,159.362,159.35,159.362,112
2026-08-13T21:24:00+09:00,159.363,159.366,159.357,159.357,71
2026-08-13T21:25:00+09:00,159.358,159.359,159.35,159.358,128
2026-08-13T21:26:00+09:00,159.359,159.362,159.357,159.361,81
2026-08-13T21:27:00+09:00,159.362,159.362,159.358,159.358,51
2026-08-13T21:28:00+09:00,159.36,159.362,159.351,159.358,81
2026-08-13T21:29:00+09:00,159.357,159.36,159.346,159.348,121
2026-08-13T21:30:00+09:00,159.348,159.348,159.248,159.336,836
2026-08-13T21:31:00+09:00,159.337,159.416,159.337,159.389,297
2026-08-13T21:32:00+09:00,159.387,159.393,159.37,159.378,185
2026-08-13T21:33:00+09:00,159.377,159.377,159.319,159.32,437
2026-08-13T21:34:00+09:00,159.322,159.342,159.301,159.308,461
2026-08-13T21:35:00+09:00,159.31,159.322,159.302,159.312,336
2026-08-13T21:36:00+09:00,159.313,159.348,159.312,159.324,341
2026-08-13T21:37:00+09:00,159.324,159.324,159.303,159.309,444
2026-08-13T21:38:00+09:00,159.308,159.332,159.304,159.31,363
2026-08-13T21:39:00+09:00,159.31,159.324,159.293,159.298,284
2026-08-13T21:40:00+09:00,159.298,159.301,159.274,159.288,311
2026-08-13T21:41:00+09:00,159.288,159.288,159.274,159.278,198
2026-08-13T21:42:00+09:00,159.278,159.288,159.261,159.287,244
2026-08-13T21:43:00+09:00,159.286,159.304,159.266,159.294,341
2026-08-13T21:44:00+09:00,159.294,159.307,159.29,159.297,206
2026-08-13T21:45:00+09:00,159.299,159.3,159.28,159.28,236
2026-08-13T21:46:00+09:00,159.28,159.286,159.268,159.269,186
2026-08-13T21:47:00+09:00,159.27,159.284,159.265,159.274,204
2026-08-13T21:48:00+09:00,159.275,159.275,159.222,159.232,431
2026-08-13T21:49:00+09:00,159.232,159.233,159.197,159.22,426
2026-08-13T21:50:00+09:00,159.22,159.237,159.197,159.236,264
2026-08-13T21:51:00+09:00,159.235,159.258,159.208,159.252,375
2026-08-13T21:52:00+09:00,159.25,159.258,159.235,159.258,214
2026-08-13T21:53:00+09:00,159.257,159.272,159.249,159.265,262
2026-08-13T21:54:00+09:00,159.266,159.268,159.249,159.252,207
2026-08-13T21:55:00+09:00,159.25,159.252,159.237,159.25,181
2026-08-13T21:56:00+09:00,159.25,159.25,159.23,159.238,200
2026-08-13T21:57:00+09:00,159.237,159.244,159.202,159.206,247
2026-08-13T21:58:00+09:00,159.205,159.21,159.177,159.203,466
2026-08-13T21:59:00+09:00,159.202,159.208,159.174,159.176,464
2026-08-13T22:00:00+09:00,159.176,159.223,159.176,159.217,314
2026-08-13T22:01:00+09:00,159.216,159.216,159.179,159.179,307
2026-08-13T22:02:00+09:00,159.178,159.2,159.152,159.195,381
2026-08-13T22:03:00+09:00,159.196,159.214,159.175,159.206,296
2026-08-13T22:04:00+09:00,159.206,159.21,159.197,159.204,222
2026-08-13T22:05:00+09:00,159.206,159.236,159.198,159.224,305
2026-08-13T22:06:00+09:00,159.224,159.241,159.22,159.222,269
2026-08-13T22:07:00+09:00,159.22,159.229,159.169,159.193,359
2026-08-13T22:08:00+09:00,159.192,159.198,159.175,159.178,305
2026-08-13T22:09:00+09:00,159.178,159.21,159.176,159.21,284
2026-08-13T22:10:00+09:00,159.208,159.224,159.2,159.202,291
2026-08-13T22:11:00+09:00,159.202,159.208,159.186,159.2,298
2026-08-13T22:12:00+09:00,159.199,159.21,159.194,159.207,274
2026-08-13T22:13:00+09:00,159.205,159.219,159.196,159.208,248
2026-08-13T22:14:00+09:00,159.208,159.227,159.2,159.207,287
2026-08-13T22:15:00+09:00,159.204,159.216,159.196,159.214,333
2026-08-13T22:16:00+09:00,159.215,159.215,159.194,159.2,205
2026-08-13T22:17:00+09:00,159.2,159.208,159.191,159.204,184
2026-08-13T22:18:00+09:00,159.202,159.227,159.2,159.209,202
2026-08-13T22:19:00+09:00,159.208,159.222,159.207,159.222,226
2026-08-13T22:20:00+09:00,159.221,159.231,159.21,159.214,208
2026-08-13T22:21:00+09:00,159.212,159.224,159.202,159.222,195
2026-08-13T22:22:00+09:00,159.221,159.232,159.218,159.226,164
2026-08-13T22:23:00+09:00,159.226,159.228,159.218,159.226,175
2026-08-13T22:24:00+09:00,159.226,159.254,159.225,159.25,294
2026-08-13T22:25:00+09:00,159.25,159.267,159.249,159.266,173
2026-08-13T22:26:00+09:00,159.266,159.289,159.259,159.288,326
2026-08-13T22:27:00+09:00,159.286,159.286,159.272,159.282,200
2026-08-13T22:28:00+09:00,159.282,159.288,159.276,159.278,216
2026-08-13T22:29:00+09:00,159.279,159.29,159.278,159.29,218
2026-08-13T22:30:00+09:00,159.29,159.312,159.287,159.289,248
2026-08-13T22:31:00+09:00,159.29,159.298,159.283,159.298,184
2026-08-13T22:32:00+09:00,159.298,159.322,159.294,159.321,247
2026-08-13T22:33:00+09:00,159.317,159.326,159.313,159.314,259
2026-08-13T22:34:00+09:00,159.314,159.323,159.309,159.314,141
2026-08-13T22:35:00+09:00,159.314,159.333,159.308,159.328,191
2026-08-13T22:36:00+09:00,159.328,159.336,159.322,159.33,145
2026-08-13T22:37:00+09:00,159.329,159.34,159.306,159.306,230
2026-08-13T22:38:00+09:00,159.306,159.328,159.305,159.313,274
2026-08-13T22:39:00+09:00,159.314,159.325,159.306,159.31,271
2026-08-13T22:40:00+09:00,159.309,159.32,159.308,159.314,192
2026-08-13T22:41:00+09:00,159.314,159.326,159.298,159.298,221
2026-08-13T22:42:00+09:00,159.298,159.309,159.298,159.305,153
2026-08-13T22:43:00+09:00,159.304,159.312,159.299,159.302,167
2026-08-13T22:44:00+09:00,159.303,159.31,159.302,159.308,214
2026-08-13T22:45:00+09:00,159.309,159.311,159.284,159.298,294
2026-08-13T22:46:00+09:00,159.297,159.306,159.278,159.28,282
2026-08-13T22:47:00+09:00,159.28,159.281,159.259,159.267,250
2026-08-13T22:48:00+09:00,159.266,159.286,159.26,159.282,217
2026-08-13T22:49:00+09:00,159.283,159.286,159.273,159.281,100
2026-08-13T22:50:00+09:00,159.282,159.296,159.278,159.294,219
2026-08-13T22:51:00+09:00,159.294,159.294,159.281,159.289,239
2026-08-13T22:52:00+09:00,159.288,159.296,159.287,159.296,123
2026-08-13T22:53:00+09:00,159.294,159.306,159.288,159.306,242
2026-08-13T22:54:00+09:00,159.306,159.308,159.22,159.274,615
2026-08-13T22:55:00+09:00,159.274,159.274,159.252,159.255,448
2026-08-13T22:56:00+09:00,159.258,159.279,159.258,159.269,400
2026-08-13T22:57:00+09:00,159.268,159.296,159.268,159.287,310
2026-08-13T22:58:00+09:00,159.286,159.289,159.263,159.28,312
2026-08-13T22:59:00+09:00,159.28,159.283,159.261,159.268,376
2026-08-13T23:00:00+09:00,159.269,159.299,159.224,159.294,656
2026-08-13T23:01:00+09:00,159.294,159.332,159.275,159.282,649
2026-08-13T23:02:00+09:00,159.282,159.288,159.268,159.274,383
2026-08-13T23:03:00+09:00,159.275,159.304,159.272,159.293,401
2026-08-13T23:04:00+09:00,159.292,159.312,159.273,159.275,410
2026-08-13T23:05:00+09:00,159.274,159.284,159.234,159.243,326
2026-08-13T23:06:00+09:00,159.242,159.248,159.189,159.204,327
2026-08-13T23:07:00+09:00,159.205,159.222,159.184,159.21,400
2026-08-13T23:08:00+09:00,159.21,159.224,159.2,159.222,302
2026-08-13T23:09:00+09:00,159.221,159.221,159.198,159.204,345
2026-08-13T23:10:00+09:00,159.205,159.206,159.164,159.178,307
2026-08-13T23:11:00+09:00,159.178,159.178,159.096,159.106,563
2026-08-13T23:12:00+09:00,159.106,159.106,159.062,159.08,600
2026-08-13T23:13:00+09:00,159.08,159.082,159.039,159.058,443
2026-08-13T23:14:00+09:00,159.058,159.102,159.052,159.083,499
2026-08-13T23:15:00+09:00,159.082,159.108,159.027,159.033,389
2026-08-13T23:16:00+09:00,159.034,159.088,159.032,159.073,405
2026-08-13T23:17:00+09:00,159.072,159.075,159.04,159.046,282
2026-08-13T23:18:00+09:00,159.047,159.054,159.024,159.05,270
2026-08-13T23:19:00+09:00,159.05,159.071,159.042,159.058,419
2026-08-13T23:20:00+09:00,159.058,159.086,159.05,159.074,374
2026-08-13T23:21:00+09:00,159.075,159.101,159.07,159.088,295
2026-08-13T23:22:00+09:00,159.088,159.092,159.066,159.085,296
2026-08-13T23:23:00+09:00,159.086,159.107,159.08,159.087,240
2026-08-13T23:24:00+09:00,159.086,159.088,159.064,159.074,270
2026-08-13T23:25:00+09:00,159.073,159.096,159.072,159.093,332
2026-08-13T23:26:00+09:00,159.094,159.098,159.075,159.08,261
2026-08-13T23:27:00+09:00,159.08,159.096,159.076,159.096,275
2026-08-13T23:28:00+09:00,159.096,159.111,159.086,159.092,316
2026-08-13T23:29:00+09:00,159.092,159.144,159.086,159.144,297
2026-08-13T23:30:00+09:00,159.142,159.154,159.131,159.14,363
2026-08-13T23:31:00+09:00,159.139,159.149,159.125,159.13,332
2026-08-13T23:32:00+09:00,159.131,159.148,159.116,159.148,285
2026-08-13T23:33:00+09:00,159.148,159.178,159.144,159.158,263
2026-08-13T23:34:00+09:00,159.158,159.168,159.15,159.154,437
2026-08-13T23:35:00+09:00,159.152,159.157,159.138,159.151,333
2026-08-13T23:36:00+09:00,159.152,159.158,159.142,159.158,208
2026-08-13T23:37:00+09:00,159.157,159.168,159.152,159.168,264
2026-08-13T23:38:00+09:00,159.167,159.17,159.142,159.148,218
2026-08-13T23:39:00+09:00,159.148,159.148,159.136,159.142,163
2026-08-13T23:40:00+09:00,159.142,159.148,159.118,159.12,224
2026-08-13T23:41:00+09:00,159.12,159.127,159.11,159.12,393
2026-08-13T23:42:00+09:00,159.12,159.149,159.117,159.145,247
2026-08-13T23:43:00+09:00,159.144,159.148,159.132,159.145,254
2026-08-13T23:44:00+09:00,159.144,159.148,159.132,159.146,282
2026-08-13T23:45:00+09:00,159.146,159.174,159.143,159.17,241
2026-08-13T23:46:00+09:00,159.169,159.174,159.164,159.168,186
2026-08-13T23:47:00+09:00,159.168,159.169,159.148,159.166,250
2026-08-13T23:48:00+09:00,159.166,159.19,159.166,159.189,187
2026-08-13T23:49:00+09:00,159.188,159.197,159.173,159.185,254
2026-08-13T23:50:00+09:00,159.187,159.198,159.168,159.194,264
2026-08-13T23:51:00+09:00,159.191,159.192,159.169,159.17,133
2026-08-13T23:52:00+09:00,159.169,159.171,159.133,159.158,270
2026-08-13T23:53:00+09:00,159.158,159.158,159.144,159.154,210
2026-08-13T23:54:00+09:00,159.153,159.164,159.15,159.163,165
2026-08-13T23:55:00+09:00,159.164,159.172,159.159,159.168,261
2026-08-13T23:56:00+09:00,159.166,159.17,159.158,159.164,258
2026-08-13T23:57:00+09:00,159.164,159.171,159.13,159.144,525
2026-08-13T23:58:00+09:00,159.142,159.158,159.133,159.158,182
2026-08-13T23:59:00+09:00,159.158,159.174,159.157,159.169,168
2026-08-14T00:00:00+09:00,159.17,159.192,159.168,159.18,320
2026-08-14T00:01:00+09:00,159.179,159.184,159.172,159.18,211
2026-08-14T00:02:00+09:00,159.18,159.202,159.16,159.182,358
2026-08-14T00:03:00+09:00,159.18,159.184,159.166,159.17,245
2026-08-14T00:04:00+09:00,159.17,159.183,159.166,159.181,188
2026-08-14T00:05:00+09:00,159.18,159.192,159.174,159.182,281
2026-08-14T00:06:00+09:00,159.183,159.202,159.182,159.197,309
2026-08-14T00:07:00+09:00,159.196,159.232,159.194,159.232,212
2026-08-14T00:08:00+09:00,159.233,159.246,159.224,159.245,253
2026-08-14T00:09:00+09:00,159.246,159.252,159.24,159.243,185
2026-08-14T00:10:00+09:00,159.244,159.253,159.236,159.25,204
2026-08-14T00:11:00+09:00,159.25,159.256,159.245,159.252,254
2026-08-14T00:12:00+09:00,159.251,159.272,159.25,159.27,252
2026-08-14T00:13:00+09:00,159.27,159.292,159.27,159.289,153
2026-08-14T00:14:00+09:00,159.29,159.306,159.285,159.3,305
2026-08-14T00:15:00+09:00,159.3,159.326,159.299,159.325,223
2026-08-14T00:16:00+09:00,159.326,159.332,159.295,159.296,164
2026-08-14T00:17:00+09:00,159.295,159.309,159.294,159.303,219
2026-08-14T00:18:00+09:00,159.304,159.322,159.301,159.321,146
2026-08-14T00:19:00+09:00,159.322,159.334,159.32,159.33,189
2026-08-14T00:20:00+09:00,159.332,159.356,159.326,159.334,183
2026-08-14T00:21:00+09:00,159.335,159.336,159.324,159.334,183
2026-08-14T00:22:00+09:00,159.332,159.335,159.324,159.334,293
2026-08-14T00:23:00+09:00,159.333,159.334,159.314,159.322,189
2026-08-14T00:24:00+09:00,159.322,159.323,159.296,159.306,212
2026-08-14T00:25:00+09:00,159.304,159.314,159.294,159.312,192
2026-08-14T00:26:00+09:00,159.312,159.316,159.296,159.302,231
2026-08-14T00:27:00+09:00,159.302,159.319,159.294,159.319,229
2026-08-14T00:28:00+09:00,159.318,159.351,159.302,159.34,456
2026-08-14T00:29:00+09:00,159.34,159.375,159.336,159.372,309
2026-08-14T00:30:00+09:00,159.373,159.389,159.366,159.373,441
2026-08-14T00:31:00+09:00,159.372,159.372,159.351,159.352,255
2026-08-14T00:32:00+09:00,159.352,159.359,159.35,159.353,149
2026-08-14T00:33:00+09:00,159.352,159.358,159.34,159.357,252
2026-08-14T00:34:00+09:00,159.356,159.36,159.353,159.358,236
2026-08-14T00:35:00+09:00,159.356,159.367,159.332,159.336,265
2026-08-14T00:36:00+09:00,159.338,159.344,159.318,159.322,276
2026-08-14T00:37:00+09:00,159.322,159.345,159.319,159.32,202
2026-08-14T00:38:00+09:00,159.32,159.324,159.318,159.318,88
2026-08-14T00:39:00+09:00,159.318,159.321,159.309,159.32,183
2026-08-14T00:40:00+09:00,159.319,159.321,159.298,159.306,233
2026-08-14T00:41:00+09:00,159.306,159.327,159.305,159.325,154
2026-08-14T00:42:00+09:00,159.326,159.338,159.322,159.332,233
2026-08-14T00:43:00+09:00,159.332,159.334,159.32,159.332,148
2026-08-14T00:44:00+09:00,159.33,159.334,159.326,159.33,80
2026-08-14T00:45:00+09:00,159.33,159.33,159.317,159.317,81
2026-08-14T00:46:00+09:00,159.317,159.327,159.316,159.319,49
2026-08-14T00:47:00+09:00,159.318,159.326,159.318,159.322,64
2026-08-14T00:48:00+09:00,159.321,159.344,159.32,159.343,110
2026-08-14T00:49:00+09:00,159.342,159.343,159.325,159.331,92
2026-08-14T00:50:00+09:00,159.332,159.358,159.329,159.346,171
2026-08-14T00:51:00+09:00,159.346,159.358,159.346,159.355,81
2026-08-14T00:52:00+09:00,159.354,159.372,159.348,159.362,140
2026-08-14T00:53:00+09:00,159.361,159.369,159.358,159.361,126
2026-08-14T00:54:00+09:00,159.36,159.364,159.358,159.359,81
2026-08-14T00:55:00+09:00,159.358,159.365,159.356,159.359,153
2026-08-14T00:56:00+09:00,159.36,159.36,159.347,159.35,159
2026-08-14T00:57:00+09:00,159.35,159.357,159.337,159.34,155
2026-08-14T00:58:00+09:00,159.34,159.36,159.34,159.358,145
2026-08-14T00:59:00+09:00,159.359,159.361,159.351,159.356,73
2026-08-14T01:00:00+09:00,159.355,159.361,159.354,159.358,115
2026-08-14T01:01:00+09:00,159.358,159.37,159.356,159.37,111
2026-08-14T01:02:00+09:00,159.366,159.366,159.35,159.355,131
2026-08-14T01:03:00+09:00,159.354,159.359,159.352,159.356,66
2026-08-14T01:04:00+09:00,159.356,159.361,159.35,159.356,112
2026-08-14T01:05:00+09:00,159.358,159.362,159.358,159.358,60
2026-08-14T01:06:00+09:00,159.357,159.359,159.348,159.356,127
2026-08-14T01:07:00+09:00,159.354,159.356,159.348,159.352,171
2026-08-14T01:08:00+09:00,159.352,159.353,159.342,159.344,75
2026-08-14T01:09:00+09:00,159.344,159.36,159.344,159.359,130
2026-08-14T01:10:00+09:00,159.36,159.388,159.36,159.385,139
2026-08-14T01:11:00+09:00,159.384,159.39,159.38,159.39,50
2026-08-14T01:12:00+09:00,159.391,159.414,159.384,159.391,225
2026-08-14T01:13:00+09:00,159.392,159.414,159.392,159.412,202
2026-08-14T01:14:00+09:00,159.413,159.436,159.413,159.422,203
2026-08-14T01:15:00+09:00,159.422,159.428,159.414,159.425,131
2026-08-14T01:16:00+09:00,159.423,159.434,159.421,159.422,159
2026-08-14T01:17:00+09:00,159.423,159.424,159.418,159.422,110
2026-08-14T01:18:00+09:00,159.422,159.426,159.419,159.42,89
2026-08-14T01:19:00+09:00,159.421,159.436,159.414,159.436,155
2026-08-14T01:20:00+09:00,159.435,159.447,159.432,159.442,191
2026-08-14T01:21:00+09:00,159.444,159.446,159.436,159.444,173
2026-08-14T01:22:00+09:00,159.445,159.454,159.44,159.444,176
2026-08-14T01:23:00+09:00,159.445,159.461,159.439,159.46,123
2026-08-14T01:24:00+09:00,159.459,159.463,159.44,159.44,114
2026-08-14T01:25:00+09:00,159.44,159.443,159.431,159.441,141
2026-08-14T01:26:00+09:00,159.442,159.45,159.44,159.448,99
2026-08-14T01:27:00+09:00,159.449,159.46,159.446,159.46,53
2026-08-14T01:28:00+09:00,159.46,159.461,159.453,159.458,104
2026-08-14T01:29:00+09:00,159.458,159.476,159.456,159.474,106
2026-08-14T01:30:00+09:00,159.474,159.484,159.471,159.483,138
2026-08-14T01:31:00+09:00,159.482,159.494,159.482,159.49,98
2026-08-14T01:32:00+09:00,159.488,159.488,159.476,159.476,87
2026-08-14T01:33:00+09:00,159.477,159.48,159.474,159.476,118
2026-08-14T01:34:00+09:00,159.476,159.478,159.446,159.448,150
2026-08-14T01:35:00+09:00,159.447,159.461,159.437,159.46,190
2026-08-14T01:36:00+09:00,159.458,159.46,159.458,159.46,55
2026-08-14T01:37:00+09:00,159.461,159.473,159.461,159.466,73
2026-08-14T01:38:00+09:00,159.468,159.47,159.451,159.459,150
2026-08-14T01:39:00+09:00,159.458,159.46,159.448,159.46,76
2026-08-14T01:40:00+09:00,159.459,159.46,159.455,159.457,62
2026-08-14T01:41:00+09:00,159.456,159.464,159.456,159.458,85
2026-08-14T01:42:00+09:00,159.459,159.465,159.448,159.456,149
2026-08-14T01:43:00+09:00,159.453,159.457,159.432,159.445,162
2026-08-14T01:44:00+09:00,159.446,159.463,159.445,159.46,154
2026-08-14T01:45:00+09:00,159.461,159.462,159.45,159.458,101
2026-08-14T01:46:00+09:00,159.458,159.46,159.448,159.454,147
2026-08-14T01:47:00+09:00,159.454,159.462,159.453,159.462,94
2026-08-14T01:48:00+09:00,159.462,159.477,159.462,159.472,94
2026-08-14T01:49:00+09:00,159.472,159.473,159.464,159.464,80
2026-08-14T01:50:00+09:00,159.464,159.471,159.456,159.46,92
2026-08-14T01:51:00+09:00,159.46,159.474,159.458,159.471,77
2026-08-14T01:52:00+09:00,159.472,159.474,159.468,159.472,41
2026-08-14T01:53:00+09:00,159.472,159.48,159.472,159.474,59
2026-08-14T01:54:00+09:00,159.474,159.484,159.474,159.478,86
2026-08-14T01:55:00+09:00,159.478,159.483,159.478,159.482,73
2026-08-14T01:56:00+09:00,159.482,159.484,159.48,159.482,44
2026-08-14T01:57:00+09:00,159.483,159.483,159.471,159.48,109
2026-08-14T01:58:00+09:00,159.481,159.498,159.481,159.498,127
2026-08-14T01:59:00+09:00,159.498,159.498,159.482,159.485,111
2026-08-14T02:00:00+09:00,159.484,159.498,159.482,159.49,154
2026-08-14T02:01:00+09:00,159.491,159.492,159.472,159.476,181
2026-08-14T02:02:00+09:00,159.476,159.478,159.472,159.476,85
2026-08-14T02:03:00+09:00,159.476,159.494,159.475,159.488,133
2026-08-14T02:04:00+09:00,159.489,159.505,159.487,159.496,119
2026-08-14T02:05:00+09:00,159.498,159.522,159.496,159.51,199
2026-08-14T02:06:00+09:00,159.51,159.51,159.495,159.496,83
2026-08-14T02:07:00+09:00,159.495,159.514,159.495,159.51,58
2026-08-14T02:08:00+09:00,159.51,159.51,159.5,159.508,96
2026-08-14T02:09:00+09:00,159.509,159.517,159.509,159.514,59
2026-08-14T02:10:00+09:00,159.515,159.516,159.484,159.485,195
2026-08-14T02:11:00+09:00,159.482,159.486,159.481,159.484,107
2026-08-14T02:12:00+09:00,159.483,159.487,159.472,159.484,133
2026-08-14T02:13:00+09:00,159.485,159.502,159.484,159.502,96
2026-08-14T02:14:00+09:00,159.502,159.503,159.496,159.499,102
2026-08-14T02:15:00+09:00,159.499,159.509,159.494,159.495,93
2026-08-14T02:16:00+09:00,159.494,159.494,159.484,159.492,102
2026-08-14T02:17:00+09:00,159.492,159.494,159.486,159.49,136
2026-08-14T02:18:00+09:00,159.491,159.501,159.49,159.5,60
2026-08-14T02:19:00+09:00,159.499,159.506,159.499,159.502,119
2026-08-14T02:20:00+09:00,159.501,159.502,159.49,159.497,126
2026-08-14T02:21:00+09:00,159.496,159.5,159.49,159.496,96
2026-08-14T02:22:00+09:00,159.496,159.496,159.492,159.496,42
2026-08-14T02:23:00+09:00,159.497,159.498,159.493,159.496,34
2026-08-14T02:24:00+09:00,159.495,159.496,159.486,159.486,31
2026-08-14T02:25:00+09:00,159.486,159.498,159.482,159.498,74
2026-08-14T02:26:00+09:00,159.5,159.506,159.498,159.501,53
2026-08-14T02:27:00+09:00,159.502,159.502,159.499,159.499,32
2026-08-14T02:28:00+09:00,159.5,159.524,159.5,159.521,94
2026-08-14T02:29:00+09:00,159.522,159.526,159.516,159.523,46
2026-08-14T02:30:00+09:00,159.524,159.567,159.523,159.548,303
2026-08-14T02:31:00+09:00,159.546,159.564,159.542,159.551,134
2026-08-14T02:32:00+09:00,159.552,159.56,159.544,159.551,90
2026-08-14T02:33:00+09:00,159.55,159.55,159.536,159.539,113
2026-08-14T02:34:00+09:00,159.536,159.543,159.536,159.538,103
2026-08-14T02:35:00+09:00,159.54,159.542,159.533,159.534,68
2026-08-14T02:36:00+09:00,159.534,159.535,159.532,159.533,67
2026-08-14T02:37:00+09:00,159.534,159.535,159.523,159.524,85
2026-08-14T02:38:00+09:00,159.526,159.527,159.522,159.524,105
2026-08-14T02:39:00+09:00,159.526,159.532,159.496,159.498,176
2026-08-14T02:40:00+09:00,159.498,159.516,159.497,159.514,113
2026-08-14T02:41:00+09:00,159.515,159.516,159.511,159.516,170
2026-08-14T02:42:00+09:00,159.516,159.516,159.51,159.51,90
2026-08-14T02:43:00+09:00,159.51,159.511,159.508,159.51,39
2026-08-14T02:44:00+09:00,159.51,159.517,159.508,159.515,72
2026-08-14T02:45:00+09:00,159.516,159.517,159.513,159.516,128
2026-08-14T02:46:00+09:00,159.516,159.524,159.514,159.52,48
2026-08-14T02:47:00+09:00,159.52,159.541,159.52,159.541,157
2026-08-14T02:48:00+09:00,159.539,159.539,159.52,159.52,124
2026-08-14T02:49:00+09:00,159.522,159.525,159.512,159.52,118
2026-08-14T02:50:00+09:00,159.52,159.524,159.511,159.513,67
2026-08-14T02:51:00+09:00,159.514,159.52,159.512,159.514,85
2026-08-14T02:52:00+09:00,159.514,159.522,159.513,159.52,69
2026-08-14T02:53:00+09:00,159.52,159.522,159.517,159.517,68
2026-08-14T02:54:00+09:00,159.516,159.52,159.513,159.515,36
2026-08-14T02:55:00+09:00,159.514,159.514,159.507,159.512,36
2026-08-14T02:56:00+09:00,159.511,159.529,159.51,159.524,65
2026-08-14T02:57:00+09:00,159.523,159.526,159.522,159.524,39
2026-08-14T02:58:00+09:00,159.53,159.533,159.512,159.514,88
2026-08-14T02:59:00+09:00,159.514,159.522,159.514,159.522,53
2026-08-14T03:00:00+09:00,159.523,159.523,159.52,159.521,71
2026-08-14T03:01:00+09:00,159.522,159.534,159.522,159.534,78
2026-08-14T03:02:00+09:00,159.534,159.544,159.532,159.538,84
2026-08-14T03:03:00+09:00,159.538,159.541,159.534,159.54,74
2026-08-14T03:04:00+09:00,159.539,159.543,159.531,159.533,101
2026-08-14T03:05:00+09:00,159.534,159.534,159.521,159.524,113
2026-08-14T03:06:00+09:00,159.524,159.536,159.522,159.536,142
2026-08-14T03:07:00+09:00,159.535,159.535,159.524,159.528,125
2026-08-14T03:08:00+09:00,159.53,159.532,159.519,159.52,110
2026-08-14T03:09:00+09:00,159.52,159.52,159.508,159.51,102
2026-08-14T03:10:00+09:00,159.512,159.512,159.501,159.502,50
2026-08-14T03:11:00+09:00,159.501,159.503,159.48,159.48,96
2026-08-14T03:12:00+09:00,159.482,159.482,159.457,159.459,238
2026-08-14T03:13:00+09:00,159.46,159.462,159.438,159.446,173
2026-08-14T03:14:00+09:00,159.445,159.462,159.445,159.459,139
2026-08-14T03:15:00+09:00,159.458,159.475,159.458,159.473,127
2026-08-14T03:16:00+09:00,159.472,159.478,159.471,159.471,62
2026-08-14T03:17:00+09:00,159.47,159.474,159.458,159.468,97
2026-08-14T03:18:00+09:00,159.468,159.482,159.464,159.478,152
2026-08-14T03:19:00+09:00,159.478,159.48,159.468,159.47,210
2026-08-14T03:20:00+09:00,159.471,159.492,159.47,159.488,235
2026-08-14T03:21:00+09:00,159.489,159.499,159.488,159.496,151
2026-08-14T03:22:00+09:00,159.496,159.506,159.495,159.498,168
2026-08-14T03:23:00+09:00,159.497,159.498,159.484,159.49,113
2026-08-14T03:24:00+09:00,159.49,159.495,159.476,159.484,160
2026-08-14T03:25:00+09:00,159.484,159.492,159.484,159.49,44
2026-08-14T03:26:00+09:00,159.49,159.49,159.484,159.486,39
2026-08-14T03:27:00+09:00,159.486,159.492,159.486,159.49,42
2026-08-14T03:28:00+09:00,159.488,159.496,159.476,159.476,73
2026-08-14T03:29:00+09:00,159.476,159.484,159.476,159.484,79
2026-08-14T03:30:00+09:00,159.484,159.484,159.472,159.476,104
2026-08-14T03:31:00+09:00,159.476,159.496,159.476,159.49,101
2026-08-14T03:32:00+09:00,159.49,159.502,159.49,159.498,114
2026-08-14T03:33:00+09:00,159.498,159.501,159.494,159.494,57
2026-08-14T03:34:00+09:00,159.495,159.51,159.493,159.504,123
2026-08-14T03:35:00+09:00,159.504,159.51,159.498,159.5,141
2026-08-14T03:36:00+09:00,159.499,159.5,159.49,159.494,114
2026-08-14T03:37:00+09:00,159.495,159.503,159.484,159.494,172
2026-08-14T03:38:00+09:00,159.494,159.496,159.482,159.482,138
2026-08-14T03:39:00+09:00,159.482,159.488,159.48,159.481,81
2026-08-14T03:40:00+09:00,159.482,159.486,159.475,159.48,131
2026-08-14T03:41:00+09:00,159.482,159.486,159.474,159.479,85
2026-08-14T03:42:00+09:00,159.478,159.48,159.475,159.476,113
2026-08-14T03:43:00+09:00,159.474,159.486,159.472,159.483,62
2026-08-14T03:44:00+09:00,159.484,159.487,159.48,159.486,103
2026-08-14T03:45:00+09:00,159.486,159.498,159.486,159.496,99
2026-08-14T03:46:00+09:00,159.494,159.496,159.49,159.496,65
2026-08-14T03:47:00+09:00,159.496,159.503,159.494,159.5,83
2026-08-14T03:48:00+09:00,159.502,159.503,159.498,159.498,64
2026-08-14T03:49:00+09:00,159.498,159.499,159.488,159.497,91
2026-08-14T03:50:00+09:00,159.496,159.498,159.495,159.498,61
2026-08-14T03:51:00+09:00,159.497,159.502,159.49,159.496,109
2026-08-14T03:52:00+09:00,159.494,159.506,159.494,159.498,58
2026-08-14T03:53:00+09:00,159.499,159.506,159.498,159.502,57
2026-08-14T03:54:00+09:00,159.502,159.504,159.495,159.498,96
2026-08-14T03:55:00+09:00,159.497,159.497,159.49,159.49,46
2026-08-14T03:56:00+09:00,159.491,159.5,159.49,159.499,42
2026-08-14T03:57:00+09:00,159.498,159.512,159.498,159.508,78
2026-08-14T03:58:00+09:00,159.508,159.508,159.498,159.508,86
2026-08-14T03:59:00+09:00,159.508,159.51,159.502,159.508,165
2026-08-14T04:00:00+09:00,159.508,159.51,159.498,159.506,241
2026-08-14T04:01:00+09:00,159.506,159.511,159.499,159.508,202
2026-08-14T04:02:00+09:00,159.51,159.522,159.508,159.51,123
2026-08-14T04:03:00+09:00,159.511,159.516,159.506,159.514,92
2026-08-14T04:04:00+09:00,159.513,159.514,159.508,159.51,38
2026-08-14T04:05:00+09:00,159.511,159.514,159.507,159.51,56
2026-08-14T04:06:00+09:00,159.51,159.51,159.506,159.506,74
2026-08-14T04:07:00+09:00,159.505,159.511,159.501,159.502,58
2026-08-14T04:08:00+09:00,159.503,159.512,159.503,159.508,98
2026-08-14T04:09:00+09:00,159.508,159.509,159.506,159.508,48
2026-08-14T04:10:00+09:00,159.508,159.516,159.508,159.512,63
2026-08-14T04:11:00+09:00,159.512,159.515,159.51,159.512,66
2026-08-14T04:12:00+09:00,159.512,159.513,159.506,159.511,60
2026-08-14T04:13:00+09:00,159.51,159.51,159.5,159.508,82
2026-08-14T04:14:00+09:00,159.508,159.509,159.506,159.506,22
2026-08-14T04:15:00+09:00,159.507,159.512,159.507,159.51,55
2026-08-14T04:16:00+09:00,159.51,159.514,159.51,159.51,39
2026-08-14T04:17:00+09:00,159.51,159.51,159.498,159.502,79
2026-08-14T04:18:00+09:00,159.502,159.506,159.498,159.498,120
2026-08-14T04:19:00+09:00,159.499,159.506,159.498,159.501,91
2026-08-14T04:20:00+09:00,159.5,159.5,159.497,159.499,35
2026-08-14T04:21:00+09:00,159.5,159.5,159.498,159.5,32
2026-08-14T04:22:00+09:00,159.499,159.501,159.497,159.498,17
2026-08-14T04:23:00+09:00,159.498,159.498,159.491,159.496,61
2026-08-14T04:24:00+09:00,159.496,159.498,159.494,159.498,32
2026-08-14T04:25:00+09:00,159.497,159.5,159.496,159.496,44
2026-08-14T04:26:00+09:00,159.496,159.5,159.495,159.496,51
2026-08-14T04:27:00+09:00,159.496,159.499,159.495,159.498,49
2026-08-14T04:28:00+09:00,159.498,159.5,159.496,159.498,46
2026-08-14T04:29:00+09:00,159.497,159.503,159.496,159.502,51
2026-08-14T04:30:00+09:00,159.503,159.506,159.491,159.492,78
2026-08-14T04:31:00+09:00,159.492,159.498,159.492,159.494,101
2026-08-14T04:32:00+09:00,159.494,159.498,159.492,159.493,61
2026-08-14T04:33:00+09:00,159.492,159.494,159.491,159.492,29
2026-08-14T04:34:00+09:00,159.492,159.5,159.49,159.498,67
2026-08-14T04:35:00+09:00,159.498,159.503,159.495,159.503,122
2026-08-14T04:36:00+09:00,159.502,159.504,159.5,159.503,62
2026-08-14T04:37:00+09:00,159.504,159.504,159.496,159.502,82
2026-08-14T04:38:00+09:00,159.502,159.507,159.502,159.504,66
2026-08-14T04:39:00+09:00,159.504,159.516,159.504,159.516,48
2026-08-14T04:40:00+09:00,159.516,159.52,159.516,159.518,25
2026-08-14T04:41:00+09:00,159.518,159.526,159.518,159.526,40
2026-08-14T04:42:00+09:00,159.526,159.528,159.522,159.524,85
2026-08-14T04:43:00+09:00,159.522,159.523,159.514,159.516,63
2026-08-14T04:44:00+09:00,159.518,159.536,159.518,159.532,112
2026-08-14T04:45:00+09:00,159.532,159.54,159.531,159.54,128
2026-08-14T04:46:00+09:00,159.54,159.544,159.521,159.524,140
2026-08-14T04:47:00+09:00,159.525,159.54,159.524,159.53,114
2026-08-14T04:48:00+09:00,159.53,159.538,159.53,159.538,40
2026-08-14T04:49:00+09:00,159.538,159.542,159.535,159.538,76
2026-08-14T04:50:00+09:00,159.538,159.539,159.529,159.53,91
2026-08-14T04:51:00+09:00,159.529,159.531,159.526,159.526,37
2026-08-14T04:52:00+09:00,159.524,159.525,159.518,159.523,60
2026-08-14T04:53:00+09:00,159.522,159.525,159.516,159.516,56
2026-08-14T04:54:00+09:00,159.516,159.519,159.503,159.504,90
2026-08-14T04:55:00+09:00,159.504,159.506,159.494,159.506,155
2026-08-14T04:56:00+09:00,159.506,159.514,159.504,159.514,71
2026-08-14T04:57:00+09:00,159.513,159.518,159.512,159.516,139
2026-08-14T04:58:00+09:00,159.515,159.516,159.506,159.516,85
2026-08-14T04:59:00+09:00,159.518,159.52,159.516,159.52,122
2026-08-14T05:00:00+09:00,159.52,159.52,159.504,159.507,102
2026-08-14T05:01:00+09:00,159.508,159.514,159.502,159.514,58
2026-08-14T05:02:00+09:00,159.514,159.526,159.507,159.518,68
2026-08-14T05:03:00+09:00,159.518,159.522,159.517,159.517,70
2026-08-14T05:04:00+09:00,159.518,159.518,159.514,159.516,28
2026-08-14T05:05:00+09:00,159.515,159.535,159.515,159.535,50
2026-08-14T05:06:00+09:00,159.534,159.536,159.529,159.529,26
2026-08-14T05:07:00+09:00,159.528,159.541,159.528,159.54,27
2026-08-14T05:08:00+09:00,159.541,159.542,159.529,159.536,24
2026-08-14T05:09:00+09:00,159.534,159.534,159.531,159.531,7
2026-08-14T05:10:00+09:00,159.53,159.53,159.528,159.529,14
2026-08-14T05:11:00+09:00,159.53,159.53,159.527,159.53,17
2026-08-14T05:12:00+09:00,159.532,159.533,159.529,159.53,30
2026-08-14T05:13:00+09:00,159.531,159.531,159.529,159.53,38
2026-08-14T05:14:00+09:00,159.529,159.53,159.528,159.529,13
2026-08-14T05:15:00+09:00,159.53,159.544,159.529,159.544,28
2026-08-14T05:16:00+09:00,159.543,159.545,159.54,159.544,39
2026-08-14T05:17:00+09:00,159.544,159.557,159.544,159.556,27
2026-08-14T05:18:00+09:00,159.555,159.556,159.548,159.55,26
2026-08-14T05:19:00+09:00,159.552,159.556,159.55,159.554,113
2026-08-14T05:20:00+09:00,159.555,159.556,159.554,159.554,12
2026-08-14T05:21:00+09:00,159.555,159.558,159.554,159.556,15
2026-08-14T05:22:00+09:00,159.556,159.556,159.554,159.555,19
2026-08-14T05:23:00+09:00,159.556,159.558,159.554,159.557,36
2026-08-14T05:24:00+09:00,159.556,159.559,159.556,159.556,27
2026-08-14T05:25:00+09:00,159.556,159.557,159.555,159.555,17
2026-08-14T05:26:00+09:00,159.556,159.556,159.544,159.546,47
2026-08-14T05:27:00+09:00,159.546,159.555,159.546,159.552,71
2026-08-14T05:28:00+09:00,159.552,159.552,159.54,159.542,29
2026-08-14T05:29:00+09:00,159.542,159.557,159.54,159.548,81
2026-08-14T05:30:00+09:00,159.548,159.55,159.542,159.55,76
2026-08-14T05:31:00+09:00,159.55,159.556,159.548,159.556,50
2026-08-14T05:32:00+09:00,159.556,159.556,159.554,159.555,13
2026-08-14T05:33:00+09:00,159.554,159.554,159.55,159.55,21
2026-08-14T05:34:00+09:00,159.55,159.556,159.549,159.552,26
2026-08-14T05:35:00+09:00,159.553,159.555,159.553,159.554,10
2026-08-14T05:36:00+09:00,159.553,159.557,159.553,159.554,18
2026-08-14T05:37:00+09:00,159.553,159.556,159.552,159.554,19
2026-08-14T05:38:00+09:00,159.552,159.556,159.552,159.556,29
2026-08-14T05:39:00+09:00,159.554,159.556,159.554,159.554,9
2026-08-14T05:40:00+09:00,159.554,159.554,159.553,159.554,15
2026-08-14T05:41:00+09:00,159.554,159.557,159.554,159.556,19
2026-08-14T05:42:00+09:00,159.556,159.556,159.554,159.555,16
2026-08-14T05:43:00+09:00,159.556,159.556,159.555,159.556,10
2026-08-14T05:44:00+09:00,159.556,159.565,159.556,159.558,57
2026-08-14T05:45:00+09:00,159.558,159.56,159.536,159.536,100
2026-08-14T05:46:00+09:00,159.537,159.538,159.531,159.534,41
2026-08-14T05:47:00+09:00,159.534,159.534,159.532,159.532,38
2026-08-14T05:48:00+09:00,159.533,159.533,159.52,159.52,51
2026-08-14T05:49:00+09:00,159.518,159.518,159.511,159.512,33
2026-08-14T05:50:00+09:00,159.512,159.515,159.494,159.5,92
2026-08-14T05:51:00+09:00,159.498,159.503,159.495,159.5,54
2026-08-14T05:52:00+09:00,159.5,159.502,159.5,159.502,20
2026-08-14T05:53:00+09:00,159.502,159.502,159.5,159.501,21
2026-08-14T05:54:00+09:00,159.502,159.51,159.5,159.508,55
2026-08-14T05:55:00+09:00,159.51,159.514,159.508,159.512,42
2026-08-14T05:56:00+09:00,159.513,159.518,159.512,159.516,55
2026-08-14T05:57:00+09:00,159.516,159.518,159.514,159.516,31
2026-08-14T05:58:00+09:00,159.516,159.52,159.514,159.52,96
2026-08-14T05:59:00+09:00,159.519,159.519,159.506,159.518,22
2026-08-14T06:04:00+09:00,159.497,159.497,159.497,159.497,1
2026-08-14T06:05:00+09:00,159.49,159.525,159.476,159.499,14
2026-08-14T06:06:00+09:00,159.495,159.495,159.495,159.495,1
2026-08-14T06:07:00+09:00,159.488,159.51,159.488,159.51,12
2026-08-14T06:08:00+09:00,159.512,159.512,159.5,159.501,5
2026-08-14T06:09:00+09:00,159.498,159.502,159.498,159.501,26
2026-08-14T06:10:00+09:00,159.504,159.514,159.5,159.514,13
2026-08-14T06:11:00+09:00,159.5,159.514,159.499,159.513,17
2026-08-14T06:12:00+09:00,159.499,159.5,159.494,159.494,13
2026-08-14T06:13:00+09:00,159.495,159.504,159.489,159.504,6
2026-08-14T06:14:00+09:00,159.508,159.508,159.508,159.508,1
2026-08-14T06:15:00+09:00,159.51,159.51,159.497,159.5,9
2026-08-14T06:16:00+09:00,159.497,159.5,159.497,159.499,7
2026-08-14T06:17:00+09:00,159.5,159.515,159.498,159.514,19
2026-08-14T06:18:00+09:00,159.516,159.516,159.504,159.506,17
2026-08-14T06:19:00+09:00,159.504,159.508,159.502,159.504,27
2026-08-14T06:20:00+09:00,159.502,159.518,159.502,159.506,14
2026-08-14T06:21:00+09:00,159.506,159.506,159.504,159.505,6
2026-08-14T06:22:00+09:00,159.508,159.519,159.508,159.517,5
2026-08-14T06:23:00+09:00,159.516,159.516,159.508,159.508,4
2026-08-14T06:24:00+09:00,159.506,159.51,159.502,159.502,4
2026-08-14T06:25:00+09:00,159.5,159.5,159.487,159.494,45
2026-08-14T06:26:00+09:00,159.496,159.496,159.484,159.484,18
2026-08-14T06:27:00+09:00,159.484,159.495,159.482,159.494,23
2026-08-14T06:28:00+09:00,159.484,159.486,159.482,159.486,20
2026-08-14T06:29:00+09:00,159.485,159.492,159.484,159.492,19
2026-08-14T06:30:00+09:00,159.49,159.496,159.48,159.494,308
2026-08-14T06:31:00+09:00,159.493,159.504,159.49,159.5,802
2026-08-14T06:32:00+09:00,159.501,159.512,159.492,159.5,1086
2026-08-14T06:33:00+09:00,159.499,159.506,159.494,159.498,530
2026-08-14T06:34:00+09:00,159.497,159.5,159.489,159.494,51
2026-08-14T06:35:00+09:00,159.497,159.498,159.491,159.496,46
2026-08-14T06:36:00+09:00,159.494,159.497,159.491,159.492,20
2026-08-14T06:37:00+09:00,159.492,159.502,159.492,159.501,15
2026-08-14T06:38:00+09:00,159.501,159.502,159.501,159.502,8
2026-08-14T06:39:00+09:00,159.503,159.503,159.5,159.5,4
2026-08-14T06:40:00+09:00,159.502,159.508,159.502,159.508,81
2026-08-14T06:41:00+09:00,159.51,159.52,159.51,159.516,76
2026-08-14T06:42:00+09:00,159.516,159.52,159.514,159.515,51
2026-08-14T06:43:00+09:00,159.516,159.517,159.51,159.512,31
2026-08-14T06:44:00+09:00,159.512,159.514,159.508,159.514,33
2026-08-14T06:45:00+09:00,159.51,159.529,159.498,159.52,177
2026-08-14T06:46:00+09:00,159.521,159.522,159.518,159.52,18
2026-08-14T06:47:00+09:00,159.521,159.526,159.521,159.525,5
2026-08-14T06:48:00+09:00,159.528,159.528,159.528,159.528,3
2026-08-14T06:49:00+09:00,159.528,159.532,159.524,159.527,20
2026-08-14T06:50:00+09:00,159.528,159.537,159.524,159.532,32
2026-08-14T06:51:00+09:00,159.529,159.536,159.525,159.53,28
2026-08-14T06:52:00+09:00,159.532,159.532,159.528,159.528,13
2026-08-14T06:53:00+09:00,159.529,159.53,159.528,159.53,8
2026-08-14T06:54:00+09:00,159.532,159.539,159.518,159.528,45
2026-08-14T06:55:00+09:00,159.522,159.522,159.518,159.52,51
2026-08-14T06:56:00+09:00,159.516,159.532,159.516,159.524,36
2026-08-14T06:57:00+09:00,159.529,159.532,159.522,159.524,38
2026-08-14T06:58:00+09:00,159.523,159.525,159.512,159.517,150
2026-08-14T06:59:00+09:00,159.518,159.519,159.504,159.508,63
2026-08-14T07:00:00+09:00,159.511,159.53,159.488,159.49,202
2026-08-14T07:01:00+09:00,159.49,159.491,159.486,159.491,13
2026-08-14T07:02:00+09:00,159.486,159.494,159.486,159.494,8
2026-08-14T07:03:00+09:00,159.492,159.492,159.486,159.491,8
2026-08-14T07:04:00+09:00,159.487,159.492,159.487,159.492,6
2026-08-14T07:05:00+09:00,159.487,159.487,159.487,159.487,1
2026-08-14T07:06:00+09:00,159.488,159.492,159.487,159.487,8
2026-08-14T07:07:00+09:00,159.488,159.492,159.486,159.49,10
2026-08-14T07:08:00+09:00,159.491,159.491,159.486,159.49,9
2026-08-14T07:09:00+09:00,159.486,159.49,159.486,159.49,7
2026-08-14T07:10:00+09:00,159.486,159.506,159.486,159.503,18
2026-08-14T07:11:00+09:00,159.504,159.504,159.5,159.502,6
2026-08-14T07:12:00+09:00,159.504,159.508,159.497,159.508,24
2026-08-14T07:13:00+09:00,159.508,159.521,159.502,159.512,248
2026-08-14T07:14:00+09:00,159.511,159.511,159.5,159.504,44
2026-08-14T07:15:00+09:00,159.499,159.504,159.499,159.502,33
2026-08-14T07:16:00+09:00,159.503,159.504,159.498,159.5,21
2026-08-14T07:17:00+09:00,159.5,159.505,159.5,159.502,36
2026-08-14T07:18:00+09:00,159.504,159.504,159.499,159.503,17
2026-08-14T07:20:00+09:00,159.504,159.505,159.504,159.505,8
2026-08-14T07:21:00+09:00,159.506,159.507,159.502,159.506,25
2026-08-14T07:22:00+09:00,159.505,159.506,159.501,159.505,19
2026-08-14T07:23:00+09:00,159.506,159.506,159.488,159.492,29
2026-08-14T07:24:00+09:00,159.49,159.495,159.49,159.494,50
2026-08-14T07:25:00+09:00,159.494,159.504,159.494,159.504,20
2026-08-14T07:26:00+09:00,159.503,159.507,159.502,159.505,15
2026-08-14T07:27:00+09:00,159.506,159.514,159.506,159.514,43
2026-08-14T07:28:00+09:00,159.513,159.518,159.513,159.518,7
2026-08-14T07:29:00+09:00,159.517,159.518,159.512,159.517,8
2026-08-14T07:30:00+09:00,159.516,159.517,159.515,159.517,4
2026-08-14T07:31:00+09:00,159.518,159.519,159.513,159.513,11
2026-08-14T07:32:00+09:00,159.518,159.518,159.514,159.514,10
2026-08-14T07:33:00+09:00,159.513,159.516,159.513,159.514,6
2026-08-14T07:34:00+09:00,159.513,159.514,159.513,159.514,6
2026-08-14T07:35:00+09:00,159.514,159.514,159.512,159.512,11
2026-08-14T07:36:00+09:00,159.513,159.513,159.508,159.513,12
2026-08-14T07:37:00+09:00,159.512,159.513,159.508,159.508,12
2026-08-14T07:38:00+09:00,159.509,159.509,159.508,159.509,7
2026-08-14T07:39:00+09:00,159.506,159.506,159.496,159.496,30
2026-08-14T07:40:00+09:00,159.496,159.498,159.495,159.495,22
2026-08-14T07:41:00+09:00,159.496,159.497,159.495,159.496,19
2026-08-14T07:42:00+09:00,159.498,159.502,159.497,159.498,84
2026-08-14T07:43:00+09:00,159.498,159.498,159.497,159.498,8
2026-08-14T07:44:00+09:00,159.498,159.498,159.488,159.491,50
2026-08-14T07:45:00+09:00,159.492,159.494,159.487,159.488,18
2026-08-14T07:46:00+09:00,159.49,159.492,159.49,159.491,22
2026-08-14T07:47:00+09:00,159.49,159.494,159.488,159.488,16
2026-08-14T07:48:00+09:00,159.488,159.496,159.488,159.492,38
2026-08-14T07:49:00+09:00,159.492,159.498,159.491,159.493,38
2026-08-14T07:50:00+09:00,159.494,159.497,159.483,159.483,52
2026-08-14T07:51:00+09:00,159.484,159.488,159.483,159.483,21
2026-08-14T07:52:00+09:00,159.484,159.484,159.483,159.483,2
2026-08-14T07:54:00+09:00,159.48,159.48,159.472,159.474,24
2026-08-14T07:55:00+09:00,159.476,159.476,159.474,159.474,16
2026-08-14T07:56:00+09:00,159.475,159.476,159.474,159.475,24
2026-08-14T07:57:00+09:00,159.476,159.476,159.47,159.47,45
2026-08-14T07:58:00+09:00,159.472,159.474,159.462,159.468,62
2026-08-14T07:59:00+09:00,159.468,159.471,159.464,159.468,40
2026-08-14T08:00:00+09:00,159.467,159.47,159.462,159.462,23
2026-08-14T08:01:00+09:00,159.462,159.462,159.46,159.46,16
2026-08-14T08:03:00+09:00,159.456,159.456,159.441,159.446,36
2026-08-14T08:04:00+09:00,159.446,159.446,159.445,159.446,24
2026-08-14T08:05:00+09:00,159.446,159.448,159.446,159.447,31
2026-08-14T08:06:00+09:00,159.446,159.45,159.446,159.45,30
2026-08-14T08:07:00+09:00,159.45,159.45,159.448,159.448,21
2026-08-14T08:08:00+09:00,159.448,159.45,159.448,159.45,24
2026-08-14T08:09:00+09:00,159.449,159.45,159.448,159.448,20
2026-08-14T08:10:00+09:00,159.45,159.452,159.45,159.452,10
2026-08-14T08:11:00+09:00,159.454,159.46,159.454,159.458,18
2026-08-14T08:12:00+09:00,159.458,159.459,159.458,159.458,24
2026-08-14T08:13:00+09:00,159.457,159.458,159.457,159.458,3
2026-08-14T08:14:00+09:00,159.458,159.458,159.457,159.457,10
2026-08-14T08:15:00+09:00,159.458,159.462,159.458,159.459,16
2026-08-14T08:16:00+09:00,159.46,159.47,159.459,159.462,45
2026-08-14T08:17:00+09:00,159.464,159.466,159.464,159.464,20
2026-08-14T08:18:00+09:00,159.466,159.472,159.466,159.472,12
2026-08-14T08:19:00+09:00,159.472,159.473,159.47,159.473,8
2026-08-14T08:20:00+09:00,159.474,159.474,159.472,159.473,8
2026-08-14T08:21:00+09:00,159.474,159.476,159.473,159.476,25
2026-08-14T08:22:00+09:00,159.476,159.476,159.476,159.476,5
2026-08-14T08:23:00+09:00,159.476,159.477,159.475,159.476,14
2026-08-14T08:24:00+09:00,159.476,159.476,159.474,159.474,10
2026-08-14T08:25:00+09:00,159.475,159.477,159.474,159.475,13
2026-08-14T08:26:00+09:00,159.474,159.478,159.474,159.474,7
2026-08-14T08:27:00+09:00,159.475,159.478,159.474,159.475,5
2026-08-14T08:28:00+09:00,159.478,159.478,159.474,159.475,13
2026-08-14T08:29:00+09:00,159.474,159.476,159.474,159.474,11
2026-08-14T08:30:00+09:00,159.475,159.475,159.474,159.474,6
2026-08-14T08:31:00+09:00,159.476,159.478,159.476,159.476,11
2026-08-14T08:32:00+09:00,159.476,159.478,159.476,159.476,7
2026-08-14T08:33:00+09:00,159.478,159.478,159.476,159.476,6
2026-08-14T08:34:00+09:00,159.478,159.482,159.476,159.478,19
2026-08-14T08:35:00+09:00,159.476,159.478,159.474,159.474,68
2026-08-14T08:36:00+09:00,159.477,159.478,159.474,159.476,11
2026-08-14T08:37:00+09:00,159.475,159.475,159.474,159.474,10
2026-08-14T08:39:00+09:00,159.475,159.475,159.475,159.475,1
2026-08-14T08:40:00+09:00,159.474,159.477,159.474,159.474,10
2026-08-14T08:41:00+09:00,159.476,159.476,159.473,159.473,7
2026-08-14T08:42:00+09:00,159.474,159.474,159.458,159.46,25
2026-08-14T08:43:00+09:00,159.46,159.46,159.45,159.458,47
2026-08-14T08:44:00+09:00,159.459,159.464,159.458,159.462,32
2026-08-14T08:45:00+09:00,159.463,159.464,159.457,159.458,42
2026-08-14T08:46:00+09:00,159.457,159.457,159.447,159.449,31
2026-08-14T08:47:00+09:00,159.45,159.45,159.446,159.446,19
2026-08-14T08:48:00+09:00,159.446,159.448,159.445,159.447,29
2026-08-14T08:49:00+09:00,159.446,159.45,159.446,159.449,35
2026-08-14T08:50:00+09:00,159.45,159.45,159.446,159.447,16
2026-08-14T08:51:00+09:00,159.448,159.448,159.446,159.446,16
2026-08-14T08:52:00+09:00,159.446,159.451,159.446,159.447,17
2026-08-14T08:53:00+09:00,159.448,159.45,159.446,159.446,32
2026-08-14T08:54:00+09:00,159.448,159.448,159.446,159.446,16
2026-08-14T08:55:00+09:00,159.446,159.446,159.446,159.446,3
2026-08-14T08:56:00+09:00,159.446,159.446,159.431,159.432,39
2026-08-14T08:57:00+09:00,159.433,159.434,159.432,159.432,18
2026-08-14T08:58:00+09:00,159.432,159.435,159.426,159.434,70
2026-08-14T08:59:00+09:00,159.435,159.436,159.432,159.432,34
2026-08-14T09:00:00+09:00,159.432,159.442,159.394,159.434,373
2026-08-14T09:01:00+09:00,159.434,159.465,159.434,159.458,206
2026-08-14T09:02:00+09:00,159.46,159.46,159.446,159.451,150
2026-08-14T09:03:00+09:00,159.452,159.474,159.452,159.472,198
2026-08-14T09:04:00+09:00,159.473,159.492,159.472,159.473,157
2026-08-14T09:05:00+09:00,159.474,159.474,159.458,159.463,141
2026-08-14T09:06:00+09:00,159.465,159.474,159.458,159.472,149
2026-08-14T09:07:00+09:00,159.472,159.478,159.469,159.474,131
2026-08-14T09:08:00+09:00,159.474,159.474,159.46,159.47,138
2026-08-14T09:09:00+09:00,159.47,159.487,159.468,159.482,97
2026-08-14T09:10:00+09:00,159.484,159.498,159.478,159.496,175
2026-08-14T09:11:00+09:00,159.496,159.505,159.494,159.502,110
2026-08-14T09:12:00+09:00,159.503,159.506,159.486,159.488,147
2026-08-14T09:13:00+09:00,159.488,159.492,159.484,159.49,88
2026-08-14T09:14:00+09:00,159.49,159.49,159.466,159.472,113
2026-08-14T09:15:00+09:00,159.472,159.479,159.434,159.446,307
2026-08-14T09:16:00+09:00,159.444,159.448,159.435,159.438,294
2026-08-14T09:17:00+09:00,159.437,159.451,159.435,159.438,220
2026-08-14T09:18:00+09:00,159.438,159.446,159.437,159.446,147
2026-08-14T09:19:00+09:00,159.445,159.445,159.434,159.436,134
2026-08-14T09:20:00+09:00,159.437,159.44,159.424,159.428,148
2026-08-14T09:21:00+09:00,159.428,159.428,159.4,159.406,197
2026-08-14T09:22:00+09:00,159.406,159.429,159.404,159.424,193
2026-08-14T09:23:00+09:00,159.424,159.428,159.416,159.428,203
2026-08-14T09:24:00+09:00,159.428,159.434,159.424,159.425,137
2026-08-14T09:25:00+09:00,159.426,159.433,159.408,159.41,212
2026-08-14T09:26:00+09:00,159.411,159.422,159.41,159.421,114
2026-08-14T09:27:00+09:00,159.423,159.438,159.423,159.432,224
2026-08-14T09:28:00+09:00,159.433,159.433,159.415,159.415,177
2026-08-14T09:29:00+09:00,159.416,159.416,159.402,159.406,157
2026-08-14T09:30:00+09:00,159.405,159.428,159.4,159.407,252
2026-08-14T09:31:00+09:00,159.408,159.42,159.406,159.416,132
2026-08-14T09:32:00+09:00,159.417,159.426,159.417,159.424,134
2026-08-14T09:33:00+09:00,159.424,159.426,159.404,159.414,142
2026-08-14T09:34:00+09:00,159.414,159.414,159.398,159.404,155
2026-08-14T09:35:00+09:00,159.4,159.4,159.383,159.399,128
2026-08-14T09:36:00+09:00,159.402,159.415,159.402,159.414,131
2026-08-14T09:37:00+09:00,159.414,159.421,159.413,159.414,175
2026-08-14T09:38:00+09:00,159.413,159.424,159.4,159.418,206
2026-08-14T09:39:00+09:00,159.418,159.418,159.409,159.411,154
2026-08-14T09:40:00+09:00,159.41,159.418,159.406,159.416,166
2026-08-14T09:41:00+09:00,159.416,159.418,159.412,159.417,143
2026-08-14T09:42:00+09:00,159.416,159.424,159.416,159.418,212
2026-08-14T09:43:00+09:00,159.418,159.418,159.413,159.416,44
2026-08-14T09:44:00+09:00,159.416,159.416,159.412,159.416,31
2026-08-14T09:45:00+09:00,159.416,159.418,159.41,159.416,90
2026-08-14T09:46:00+09:00,159.416,159.422,159.415,159.417,123
2026-08-14T09:47:00+09:00,159.418,159.429,159.417,159.428,114
2026-08-14T09:48:00+09:00,159.429,159.432,159.428,159.43,59
2026-08-14T09:49:00+09:00,159.43,159.436,159.427,159.436,43
2026-08-14T09:50:00+09:00,159.437,159.444,159.428,159.444,107
2026-08-14T09:51:00+09:00,159.443,159.452,159.414,159.416,153
2026-08-14T09:52:00+09:00,159.416,159.43,159.408,159.415,191
2026-08-14T09:53:00+09:00,159.416,159.43,159.396,159.418,261
2026-08-14T09:54:00+09:00,159.42,159.421,159.362,159.366,685
2026-08-14T09:55:00+09:00,159.364,159.39,159.35,159.374,386
2026-08-14T09:56:00+09:00,159.371,159.392,159.366,159.384,229
2026-08-14T09:57:00+09:00,159.383,159.392,159.376,159.378,130
2026-08-14T09:58:00+09:00,159.379,159.386,159.366,159.372,176
2026-08-14T09:59:00+09:00,159.373,159.375,159.352,159.375,188
2026-08-14T10:00:00+09:00,159.374,159.378,159.354,159.366,303
2026-08-14T10:01:00+09:00,159.366,159.38,159.365,159.38,169
2026-08-14T10:02:00+09:00,159.378,159.4,159.378,159.397,254
2026-08-14T10:03:00+09:00,159.398,159.4,159.388,159.39,197
2026-08-14T10:04:00+09:00,159.392,159.406,159.388,159.406,159
2026-08-14T10:05:00+09:00,159.407,159.423,159.407,159.416,218
2026-08-14T10:06:00+09:00,159.416,159.419,159.395,159.396,153
2026-08-14T10:07:00+09:00,159.396,159.41,159.395,159.404,149
2026-08-14T10:08:00+09:00,159.404,159.404,159.394,159.394,83
2026-08-14T10:09:00+09:00,159.395,159.402,159.378,159.402,174
2026-08-14T10:10:00+09:00,159.404,159.413,159.393,159.412,157
2026-08-14T10:11:00+09:00,159.41,159.422,159.408,159.414,155
2026-08-14T10:12:00+09:00,159.413,159.418,159.413,159.414,71
2026-08-14T10:13:00+09:00,159.415,159.426,159.414,159.422,144
2026-08-14T10:14:00+09:00,159.422,159.438,159.422,159.43,225
2026-08-14T10:15:00+09:00,159.43,159.436,159.412,159.417,143
2026-08-14T10:16:00+09:00,159.416,159.423,159.414,159.418,143
2026-08-14T10:17:00+09:00,159.417,159.418,159.405,159.417,202
2026-08-14T10:18:00+09:00,159.418,159.44,159.418,159.432,204
2026-08-14T10:19:00+09:00,159.431,159.448,159.43,159.448,163
2026-08-14T10:20:00+09:00,159.448,159.454,159.443,159.446,201
2026-08-14T10:21:00+09:00,159.446,159.45,159.426,159.432,176
2026-08-14T10:22:00+09:00,159.432,159.452,159.424,159.446,158
2026-08-14T10:23:00+09:00,159.446,159.454,159.438,159.453,151
2026-08-14T10:24:00+09:00,159.452,159.456,159.446,159.448,100
2026-08-14T10:25:00+09:00,159.449,159.454,159.442,159.444,102
2026-08-14T10:26:00+09:00,159.444,159.448,159.438,159.441,199
2026-08-14T10:27:00+09:00,159.44,159.442,159.436,159.438,101
2026-08-14T10:28:00+09:00,159.438,159.438,159.43,159.43,59
2026-08-14T10:29:00+09:00,159.43,159.442,159.426,159.442,113
2026-08-14T10:30:00+09:00,159.442,159.455,159.441,159.442,114
2026-08-14T10:31:00+09:00,159.442,159.444,159.428,159.429,148
2026-08-14T10:32:00+09:00,159.427,159.432,159.414,159.42,161
2026-08-14T10:33:00+09:00,159.42,159.424,159.414,159.418,108
2026-08-14T10:34:00+09:00,159.417,159.418,159.413,159.414,89
2026-08-14T10:35:00+09:00,159.415,159.424,159.414,159.42,119
2026-08-14T10:36:00+09:00,159.422,159.424,159.414,159.417,69
2026-08-14T10:37:00+09:00,159.416,159.428,159.41,159.427,165
2026-08-14T10:38:00+09:00,159.426,159.432,159.416,159.42,133
2026-08-14T10:39:00+09:00,159.419,159.423,159.415,159.416,74
2026-08-14T10:40:00+09:00,159.416,159.422,159.416,159.418,90
2026-08-14T10:41:00+09:00,159.418,159.43,159.418,159.43,76
2026-08-14T10:42:00+09:00,159.43,159.442,159.43,159.441,108
2026-08-14T10:43:00+09:00,159.44,159.442,159.432,159.436,104
2026-08-14T10:44:00+09:00,159.436,159.442,159.433,159.439,79
2026-08-14T10:45:00+09:00,159.44,159.441,159.434,159.438,51
2026-08-14T10:46:00+09:00,159.437,159.44,159.436,159.44,38
2026-08-14T10:47:00+09:00,159.437,159.452,159.436,159.442,118
2026-08-14T10:48:00+09:00,159.442,159.453,159.442,159.446,103
2026-08-14T10:49:00+09:00,159.449,159.452,159.438,159.439,160
2026-08-14T10:50:00+09:00,159.44,159.441,159.428,159.434,94
2026-08-14T10:51:00+09:00,159.435,159.437,159.432,159.432,53
2026-08-14T10:52:00+09:00,159.431,159.436,159.427,159.436,41
2026-08-14T10:53:00+09:00,159.435,159.436,159.432,159.433,59
2026-08-14T10:54:00+09:00,159.432,159.434,159.426,159.43,160
2026-08-14T10:55:00+09:00,159.43,159.434,159.419,159.423,109
2026-08-14T10:56:00+09:00,159.422,159.43,159.422,159.43,54
2026-08-14T10:57:00+09:00,159.431,159.449,159.431,159.446,76
2026-08-14T10:58:00+09:00,159.445,159.452,159.443,159.448,67
2026-08-14T10:59:00+09:00,159.448,159.456,159.447,159.447,73
2026-08-14T11:00:00+09:00,159.446,159.447,159.434,159.434,109
2026-08-14T11:01:00+09:00,159.435,159.448,159.435,159.44,168
2026-08-14T11:02:00+09:00,159.441,159.445,159.44,159.442,27
2026-08-14T11:03:00+09:00,159.444,159.446,159.436,159.436,42
2026-08-14T11:04:00+09:00,159.436,159.442,159.436,159.442,31
2026-08-14T11:05:00+09:00,159.443,159.449,159.438,159.446,100
2026-08-14T11:06:00+09:00,159.447,159.449,159.444,159.448,37
2026-08-14T11:07:00+09:00,159.449,159.452,159.438,159.439,71
2026-08-14T11:08:00+09:00,159.442,159.45,159.44,159.444,85
2026-08-14T11:09:00+09:00,159.445,159.446,159.436,159.436,36
2026-08-14T11:10:00+09:00,159.436,159.438,159.426,159.428,95
2026-08-14T11:11:00+09:00,159.428,159.438,159.427,159.43,83
2026-08-14T11:12:00+09:00,159.43,159.436,159.427,159.433,134
2026-08-14T11:13:00+09:00,159.434,159.434,159.43,159.434,64
2026-08-14T11:14:00+09:00,159.434,159.435,159.433,159.433,34
2026-08-14T11:15:00+09:00,159.434,159.436,159.421,159.423,84
2026-08-14T11:16:00+09:00,159.421,159.425,159.416,159.422,76
2026-08-14T11:17:00+09:00,159.42,159.43,159.42,159.428,97
2026-08-14T11:18:00+09:00,159.428,159.428,159.422,159.422,32
2026-08-14T11:19:00+09:00,159.423,159.428,159.422,159.426,34
2026-08-14T11:20:00+09:00,159.426,159.427,159.422,159.425,48
2026-08-14T11:21:00+09:00,159.426,159.426,159.422,159.424,36
2026-08-14T11:22:00+09:00,159.424,159.43,159.42,159.42,86
2026-08-14T11:23:00+09:00,159.42,159.42,159.41,159.414,72
2026-08-14T11:24:00+09:00,159.415,159.417,159.413,159.414,48
2026-08-14T11:25:00+09:00,159.413,159.414,159.412,159.412,22
2026-08-14T11:26:00+09:00,159.41,159.412,159.402,159.404,43
2026-08-14T11:27:00+09:00,159.404,159.404,159.389,159.396,79
2026-08-14T11:28:00+09:00,159.396,159.4,159.394,159.397,87
2026-08-14T11:29:00+09:00,159.396,159.406,159.396,159.404,107
2026-08-14T11:30:00+09:00,159.404,159.404,159.398,159.401,99
2026-08-14T11:31:00+09:00,159.4,159.402,159.4,159.401,77
2026-08-14T11:32:00+09:00,159.402,159.402,159.394,159.4,84
2026-08-14T11:33:00+09:00,159.398,159.402,159.397,159.397,37
2026-08-14T11:34:00+09:00,159.398,159.398,159.389,159.39,89
2026-08-14T11:35:00+09:00,159.391,159.398,159.39,159.396,65
2026-08-14T11:36:00+09:00,159.392,159.392,159.388,159.388,36
2026-08-14T11:37:00+09:00,159.388,159.388,159.377,159.379,76
2026-08-14T11:38:00+09:00,159.38,159.389,159.378,159.386,81
2026-08-14T11:39:00+09:00,159.386,159.386,159.381,159.384,59
2026-08-14T11:40:00+09:00,159.384,159.386,159.383,159.386,78
2026-08-14T11:41:00+09:00,159.386,159.386,159.386,159.386,5
