episode,offset_bd,date,close,recovery_pct,phase
E1,0,2022-09-22,142.387,36.7,pre
E1,1,2022-09-23,143.358,54.2,passage
E1,2,2022-09-26,144.736,79.0,post
E1,3,2022-09-27,144.842,80.9,post
E1,4,2022-09-28,144.120,67.9,post
E1,5,2022-09-29,144.426,73.4,post
E1,6,2022-09-30,144.748,79.2,post
E1,7,2022-10-03,144.566,75.9,post
E1,8,2022-10-04,144.140,68.3,post
E1,9,2022-10-05,144.685,78.1,post
E2,0,2022-10-24,149.020,54.4,pre
E2,1,2022-10-25,147.944,37.6,pre
E2,2,2022-10-26,146.376,13.1,pre
E2,3,2022-10-27,146.291,11.8,pre
E2,4,2022-10-28,147.481,30.4,pre
E2,5,2022-10-31,148.742,50.0,passage
E2,6,2022-11-01,148.226,42.0,post
E2,7,2022-11-02,147.918,37.2,post
E2,8,2022-11-03,148.280,42.8,post
E2,9,2022-11-04,146.646,17.3,post
E2,10,2022-11-07,146.626,17.0,post
E2,11,2022-11-08,145.636,1.6,post
E2,12,2022-11-09,146.414,13.7,post
E2,13,2022-11-10,140.936,-71.7,post
E3,0,2024-05-01,154.442,19.9,pre
E3,1,2024-05-02,153.678,9.3,pre
E3,2,2024-05-03,152.984,-0.2,pre
E3,3,2024-05-06,153.899,12.4,pre
E3,4,2024-05-07,154.692,23.4,pre
E3,5,2024-05-08,155.532,35.0,pre
E3,6,2024-05-09,155.481,34.3,pre
E3,7,2024-05-10,155.772,38.3,pre
E3,8,2024-05-13,156.222,44.5,pre
E3,9,2024-05-14,156.431,47.4,pre
E3,10,2024-05-15,154.905,26.3,pre
E3,11,2024-05-16,155.398,33.1,pre
E3,12,2024-05-17,155.642,36.5,pre
E3,13,2024-05-20,156.276,45.3,pre
E3,14,2024-05-21,156.196,44.2,pre
E3,15,2024-05-22,156.830,52.9,passage
E3,16,2024-05-23,156.945,54.5,post
E3,17,2024-05-24,156.995,55.2,post
E3,18,2024-05-27,156.899,53.9,post
E3,19,2024-05-28,157.190,57.9,post
E3,20,2024-05-29,157.668,64.5,post
E3,21,2024-05-30,156.816,52.7,post
E3,22,2024-05-31,157.302,59.5,post
E3,23,2024-06-03,156.083,42.6,post
E4,0,2024-07-12,157.887,11.9,pre
E4,1,2024-07-15,158.108,16.9,pre
E4,2,2024-07-16,158.410,23.8,pre
E4,3,2024-07-17,156.215,-26.1,pre
E4,4,2024-07-18,157.362,-0.0,pre
E4,5,2024-07-19,157.477,2.6,pre
E4,6,2024-07-22,157.052,-7.1,pre
E4,7,2024-07-23,155.606,-40.0,pre
E4,8,2024-07-24,153.899,-78.8,pre
E4,9,2024-07-25,153.904,-78.7,pre
E4,10,2024-07-26,153.755,-82.1,pre
E4,11,2024-07-29,154.028,-75.9,pre
E4,12,2024-07-30,152.764,-104.6,pre
E4,13,2024-07-31,149.986,-167.8,pre
E4,14,2024-08-01,149.343,-182.4,pre
E4,15,2024-08-02,146.546,-246.0,pre
E4,16,2024-08-05,144.198,-299.4,pre
E4,17,2024-08-06,144.330,-296.4,pre
E4,18,2024-08-07,146.710,-242.3,pre
E4,19,2024-08-08,147.282,-229.3,pre
E4,20,2024-08-09,146.624,-244.3,pre
E4,21,2024-08-12,147.197,-231.2,pre
E4,22,2024-08-13,146.856,-239.0,pre
E4,23,2024-08-14,147.318,-228.5,pre
E4,24,2024-08-15,149.288,-183.7,pre
E4,25,2024-08-16,147.612,-221.8,pre
E4,26,2024-08-19,146.606,-244.7,pre
E4,27,2024-08-20,145.270,-275.1,pre
E4,28,2024-08-21,145.292,-274.6,pre
E4,29,2024-08-22,146.310,-251.4,pre
E4,30,2024-08-23,144.386,-295.2,pre
E4,31,2024-08-26,144.524,-292.0,pre
E4,32,2024-08-27,143.954,-305.0,pre
E4,33,2024-08-28,144.591,-290.5,pre
E4,34,2024-08-29,144.995,-281.3,pre
E4,35,2024-08-30,146.203,-253.8,pre
E4,36,2024-09-02,146.914,-237.7,pre
E4,37,2024-09-03,145.484,-270.2,pre
E4,38,2024-09-04,143.733,-310.0,pre
E4,39,2024-09-05,143.453,-316.4,pre
E4,40,2024-09-06,142.314,-342.3,pre
E4,41,2024-09-09,143.166,-322.9,pre
E4,42,2024-09-10,142.458,-339.0,pre
E4,43,2024-09-11,142.362,-341.2,pre
E4,44,2024-09-12,141.817,-353.6,pre
E4,45,2024-09-13,140.822,-376.2,pre
E4,46,2024-09-16,140.608,-381.1,pre
E4,47,2024-09-17,142.402,-340.3,pre
E4,48,2024-09-18,142.280,-343.1,pre
E4,49,2024-09-19,142.636,-335.0,pre
E4,50,2024-09-20,143.920,-305.8,pre
E4,51,2024-09-23,143.604,-312.9,pre
E4,52,2024-09-24,143.224,-321.6,pre
E4,53,2024-09-25,144.757,-286.7,pre
E4,54,2024-09-26,144.808,-285.6,pre
E4,55,2024-09-27,142.215,-344.5,pre
E4,56,2024-09-30,143.627,-312.4,pre
E4,57,2024-10-01,143.569,-313.7,pre
E4,58,2024-10-02,146.474,-247.7,pre
E4,59,2024-10-03,146.955,-236.7,pre
E4,60,2024-10-04,148.702,-197.0,pre
E4,61,2024-10-07,148.183,-208.8,pre
E4,62,2024-10-08,148.198,-208.5,pre
E4,63,2024-10-09,149.314,-183.1,pre
E4,64,2024-10-10,148.584,-199.7,pre
E4,65,2024-10-11,149.128,-187.3,pre
E4,66,2024-10-14,149.752,-173.1,pre
E4,67,2024-10-15,149.217,-185.3,pre
E4,68,2024-10-16,149.648,-175.5,pre
E4,69,2024-10-17,150.221,-162.5,pre
E4,70,2024-10-18,149.533,-178.1,pre
E4,71,2024-10-21,150.822,-148.8,pre
E4,72,2024-10-22,151.094,-142.6,pre
E4,73,2024-10-23,152.764,-104.6,pre
E4,74,2024-10-24,151.826,-125.9,pre
E4,75,2024-10-25,152.304,-115.1,pre
E4,76,2024-10-28,153.298,-92.5,pre
E4,77,2024-10-29,153.366,-90.9,pre
E4,78,2024-10-30,153.410,-89.9,pre
E4,79,2024-10-31,152.042,-121.0,pre
E4,80,2024-11-01,152.997,-99.3,pre
E4,81,2024-11-04,152.134,-118.9,pre
E4,82,2024-11-05,151.620,-130.6,pre
E4,83,2024-11-06,154.626,-62.3,pre
E4,84,2024-11-07,152.910,-101.3,pre
E4,85,2024-11-08,152.638,-107.5,pre
E4,86,2024-11-11,153.732,-82.6,pre
E4,87,2024-11-12,154.630,-62.2,pre
E4,88,2024-11-13,155.477,-42.9,pre
E4,89,2024-11-14,156.278,-24.7,pre
E4,90,2024-11-15,154.346,-68.6,pre
E4,91,2024-11-18,154.685,-60.9,pre
E4,92,2024-11-19,154.656,-61.6,pre
E4,93,2024-11-20,155.430,-44.0,pre
E4,94,2024-11-21,154.544,-64.1,pre
E4,95,2024-11-22,154.762,-59.2,pre
E4,96,2024-11-25,154.175,-72.5,pre
E4,97,2024-11-26,153.109,-96.8,pre
E4,98,2024-11-27,151.117,-142.1,pre
E4,99,2024-11-28,151.554,-132.1,pre
E4,100,2024-11-29,149.730,-173.6,pre
E4,101,2024-12-02,149.590,-176.8,pre
E4,102,2024-12-03,149.596,-176.7,pre
E4,103,2024-12-04,150.626,-153.2,pre
E4,104,2024-12-05,150.097,-165.3,pre
E4,105,2024-12-06,150.042,-166.5,pre
E4,106,2024-12-09,151.216,-139.8,pre
E4,107,2024-12-10,151.970,-122.7,pre
E4,108,2024-12-11,152.466,-111.4,pre
E4,109,2024-12-12,152.649,-107.2,pre
E4,110,2024-12-13,153.649,-84.5,pre
E4,111,2024-12-16,154.156,-73.0,pre
E4,112,2024-12-17,153.490,-88.1,pre
E4,113,2024-12-18,154.836,-57.5,pre
E4,114,2024-12-19,157.434,1.6,pre
E4,115,2024-12-20,156.418,-21.5,pre
E4,116,2024-12-23,157.173,-4.3,pre
E4,117,2024-12-24,157.210,-3.5,pre
E4,118,2024-12-26,158.023,15.0,pre
E4,119,2024-12-27,157.843,10.9,pre
E4,120,2024-12-30,156.860,-11.5,pre
E4,121,2024-12-31,157.203,-3.7,pre
E4,122,2025-01-02,157.540,4.0,pre
E4,123,2025-01-03,157.292,-1.6,pre
E4,124,2025-01-06,157.650,6.5,pre
E4,125,2025-01-07,158.066,16.0,pre
E4,126,2025-01-08,158.354,22.5,pre
E4,127,2025-01-09,158.117,17.1,pre
E4,128,2025-01-10,157.742,8.6,pre
E4,129,2025-01-13,157.477,2.6,pre
E4,130,2025-01-14,157.977,13.9,pre
E4,131,2025-01-15,156.466,-20.4,pre
E4,132,2025-01-16,155.122,-51.0,pre
E4,133,2025-01-17,156.298,-24.2,pre
E4,134,2025-01-20,155.644,-39.1,pre
E4,135,2025-01-21,155.519,-42.0,pre
E4,136,2025-01-22,156.528,-19.0,pre
E4,137,2025-01-23,156.073,-29.4,pre
E4,138,2025-01-24,155.991,-31.2,pre
E4,139,2025-01-27,154.516,-64.8,pre
E4,140,2025-01-28,155.534,-41.6,pre
E4,141,2025-01-29,155.250,-48.1,pre
E4,142,2025-01-30,154.277,-70.2,pre
E4,143,2025-01-31,155.205,-49.1,pre
E4,144,2025-02-03,154.774,-58.9,pre
E4,145,2025-02-04,154.348,-68.6,pre
E4,146,2025-02-05,152.588,-108.6,pre
E4,147,2025-02-06,151.466,-134.1,pre
E4,148,2025-02-07,151.420,-135.2,pre
E4,149,2025-02-10,151.994,-122.1,pre
E4,150,2025-02-11,152.501,-110.6,pre
E4,151,2025-02-12,154.420,-67.0,pre
E4,152,2025-02-13,152.814,-103.5,pre
E4,153,2025-02-14,152.312,-114.9,pre
E4,154,2025-02-17,151.506,-133.2,pre
E4,155,2025-02-18,152.066,-120.5,pre
E4,156,2025-02-19,151.470,-134.0,pre
E4,157,2025-02-20,149.617,-176.2,pre
E4,158,2025-02-21,149.297,-183.5,pre
E4,159,2025-02-24,149.718,-173.9,pre
E4,160,2025-02-25,149.026,-189.6,pre
E4,161,2025-02-26,149.094,-188.1,pre
E4,162,2025-02-27,149.797,-172.1,pre
E4,163,2025-02-28,150.620,-153.4,pre
E4,164,2025-03-03,149.510,-178.6,pre
E4,165,2025-03-04,149.807,-171.9,pre
E4,166,2025-03-05,148.896,-192.6,pre
E4,167,2025-03-06,147.986,-213.3,pre
E4,168,2025-03-07,148.034,-212.2,pre
E4,169,2025-03-10,147.269,-229.6,pre
E4,170,2025-03-11,147.776,-218.1,pre
E4,171,2025-03-12,148.262,-207.0,pre
E4,172,2025-03-13,147.806,-217.4,pre
E4,173,2025-03-14,148.637,-198.5,pre
E4,174,2025-03-17,149.209,-185.5,pre
E4,175,2025-03-18,149.282,-183.8,pre
E4,176,2025-03-19,148.700,-197.0,pre
E4,177,2025-03-20,148.788,-195.0,pre
E4,178,2025-03-21,149.300,-183.4,pre
E4,179,2025-03-24,150.701,-151.5,pre
E4,180,2025-03-25,149.914,-169.4,pre
E4,181,2025-03-26,150.587,-154.1,pre
E4,182,2025-03-27,151.043,-143.8,pre
E4,183,2025-03-28,149.844,-171.0,pre
E4,184,2025-03-31,149.970,-168.2,pre
E4,185,2025-04-01,149.616,-176.2,pre
E4,186,2025-04-02,149.298,-183.4,pre
E4,187,2025-04-03,146.071,-256.8,pre
E4,188,2025-04-04,147.014,-235.4,pre
E4,189,2025-04-07,147.879,-215.7,pre
E4,190,2025-04-08,146.279,-252.1,pre
E4,191,2025-04-09,147.761,-218.4,pre
E4,192,2025-04-10,144.446,-293.8,pre
E4,193,2025-04-11,143.472,-315.9,pre
E4,194,2025-04-14,143.024,-326.1,pre
E4,195,2025-04-15,143.252,-320.9,pre
E4,196,2025-04-16,141.864,-352.5,pre
E4,197,2025-04-17,142.466,-338.8,pre
E4,198,2025-04-18,142.173,-345.5,pre
E4,199,2025-04-21,140.856,-375.4,pre
E4,200,2025-04-22,141.602,-358.5,pre
E4,201,2025-04-23,143.457,-316.3,pre
E4,202,2025-04-24,142.628,-335.1,pre
E4,203,2025-04-25,143.682,-311.2,pre
E4,204,2025-04-28,142.024,-348.9,pre
E4,205,2025-04-29,142.370,-341.0,pre
E4,206,2025-04-30,143.064,-325.2,pre
E4,207,2025-05-01,145.398,-272.1,pre
E4,208,2025-05-02,144.957,-282.2,pre
E4,209,2025-05-05,143.700,-310.8,pre
E4,210,2025-05-06,142.404,-340.2,pre
E4,211,2025-05-07,143.826,-307.9,pre
E4,212,2025-05-08,145.909,-260.5,pre
E4,213,2025-05-09,145.374,-272.7,pre
E4,214,2025-05-12,148.477,-202.1,pre
E4,215,2025-05-13,147.477,-224.9,pre
E4,216,2025-05-14,146.744,-241.5,pre
E4,217,2025-05-15,145.695,-265.4,pre
E4,218,2025-05-16,145.640,-266.6,pre
E4,219,2025-05-19,144.854,-284.5,pre
E4,220,2025-05-20,144.508,-292.4,pre
E4,221,2025-05-21,143.660,-311.7,pre
E4,222,2025-05-22,144.011,-303.7,pre
E4,223,2025-05-23,142.558,-336.7,pre
E4,224,2025-05-26,142.842,-330.3,pre
E4,225,2025-05-27,144.351,-296.0,pre
E4,226,2025-05-28,144.870,-284.1,pre
E4,227,2025-05-29,144.186,-299.7,pre
E4,228,2025-05-30,144.060,-302.6,pre
E4,229,2025-06-02,142.698,-333.5,pre
E4,230,2025-06-03,144.004,-303.8,pre
E4,231,2025-06-04,142.766,-332.0,pre
E4,232,2025-06-05,143.582,-313.4,pre
E4,233,2025-06-06,144.859,-284.4,pre
E4,234,2025-06-09,144.606,-290.2,pre
E4,235,2025-06-10,144.897,-283.5,pre
E4,236,2025-06-11,144.600,-290.3,pre
E4,237,2025-06-12,143.500,-315.3,pre
E4,238,2025-06-13,144.114,-301.3,pre
E4,239,2025-06-16,144.784,-286.1,pre
E4,240,2025-06-17,145.286,-274.7,pre
E4,241,2025-06-18,145.132,-278.2,pre
E4,242,2025-06-19,145.466,-270.6,pre
E4,243,2025-06-20,146.092,-256.4,pre
E4,244,2025-06-23,146.151,-255.0,pre
E4,245,2025-06-24,144.917,-283.1,pre
E4,246,2025-06-25,145.257,-275.3,pre
E4,247,2025-06-26,144.391,-295.0,pre
E4,248,2025-06-27,144.663,-288.9,pre
E4,249,2025-06-30,144.024,-303.4,pre
E4,250,2025-07-01,143.406,-317.4,pre
E4,251,2025-07-02,143.660,-311.7,pre
E4,252,2025-07-03,144.922,-283.0,pre
E4,253,2025-07-04,144.491,-292.8,pre
E4,254,2025-07-07,146.070,-256.9,pre
E4,255,2025-07-08,146.562,-245.7,pre
E4,256,2025-07-09,146.308,-251.4,pre
E4,257,2025-07-10,146.247,-252.8,pre
E4,258,2025-07-11,147.423,-226.1,pre
E4,259,2025-07-14,147.732,-219.1,pre
E4,260,2025-07-15,148.849,-193.7,pre
E4,261,2025-07-16,147.880,-215.7,pre
E4,262,2025-07-17,148.608,-199.1,pre
E4,263,2025-07-18,148.844,-193.8,pre
E4,264,2025-07-21,147.346,-227.8,pre
E4,265,2025-07-22,146.646,-243.8,pre
E4,266,2025-07-23,146.510,-246.9,pre
E4,267,2025-07-24,147.002,-235.7,pre
E4,268,2025-07-25,147.668,-220.5,pre
E4,269,2025-07-28,148.545,-200.6,pre
E4,270,2025-07-29,148.472,-202.2,pre
E4,271,2025-07-30,149.526,-178.3,pre
E4,272,2025-07-31,150.766,-150.1,pre
E4,273,2025-08-01,147.420,-226.2,pre
E4,274,2025-08-04,147.092,-233.6,pre
E4,275,2025-08-05,147.556,-223.1,pre
E4,276,2025-08-06,147.357,-227.6,pre
E4,277,2025-08-07,147.152,-232.2,pre
E4,278,2025-08-08,147.752,-218.6,pre
E4,279,2025-08-11,148.146,-209.6,pre
E4,280,2025-08-12,147.856,-216.2,pre
E4,281,2025-08-13,147.382,-227.0,pre
E4,282,2025-08-14,147.752,-218.6,pre
E4,283,2025-08-15,147.154,-232.2,pre
E4,284,2025-08-18,147.855,-216.3,pre
E4,285,2025-08-19,147.670,-220.5,pre
E4,286,2025-08-20,147.312,-228.6,pre
E4,287,2025-08-21,148.389,-204.1,pre
E4,288,2025-08-22,146.926,-237.4,pre
E4,289,2025-08-25,147.753,-218.6,pre
E4,290,2025-08-26,147.430,-225.9,pre
E4,291,2025-08-27,147.416,-226.2,pre
E4,292,2025-08-28,146.944,-237.0,pre
E4,293,2025-08-29,147.066,-234.2,pre
E4,294,2025-09-01,147.180,-231.6,pre
E4,295,2025-09-02,148.338,-205.3,pre
E4,296,2025-09-03,148.109,-210.5,pre
E4,297,2025-09-04,148.464,-202.4,pre
E4,298,2025-09-05,147.418,-226.2,pre
E4,299,2025-09-08,147.530,-223.7,pre
E4,300,2025-09-09,147.403,-226.5,pre
E4,301,2025-09-10,147.465,-225.1,pre
E4,302,2025-09-11,147.226,-230.6,pre
E4,303,2025-09-12,147.672,-220.4,pre
E4,304,2025-09-15,147.418,-226.2,pre
E4,305,2025-09-16,146.456,-248.1,pre
E4,306,2025-09-17,146.999,-235.7,pre
E4,307,2025-09-18,147.996,-213.1,pre
E4,308,2025-09-19,147.956,-214.0,pre
E4,309,2025-09-22,147.736,-219.0,pre
E4,310,2025-09-23,147.658,-220.7,pre
E4,311,2025-09-24,148.909,-192.3,pre
E4,312,2025-09-25,149.799,-172.0,pre
E4,313,2025-09-26,149.519,-178.4,pre
E4,314,2025-09-29,148.598,-199.4,pre
E4,315,2025-09-30,147.940,-214.3,pre
E4,316,2025-10-01,147.071,-234.1,pre
E4,317,2025-10-02,147.264,-229.7,pre
E4,318,2025-10-03,147.490,-224.6,pre
E4,319,2025-10-06,150.350,-159.5,pre
E4,320,2025-10-07,151.900,-124.3,pre
E4,321,2025-10-08,152.697,-106.1,pre
E4,322,2025-10-09,153.084,-97.3,pre
E4,323,2025-10-10,151.174,-140.8,pre
E4,324,2025-10-13,152.300,-115.2,pre
E4,325,2025-10-14,151.810,-126.3,pre
E4,326,2025-10-15,151.072,-143.1,pre
E4,327,2025-10-16,150.436,-157.6,pre
E4,328,2025-10-17,150.650,-152.7,pre
E4,329,2025-10-20,150.766,-150.1,pre
E4,330,2025-10-21,151.926,-123.7,pre
E4,331,2025-10-22,151.964,-122.8,pre
E4,332,2025-10-23,152.596,-108.4,pre
E4,333,2025-10-24,152.882,-101.9,pre
E4,334,2025-10-27,152.880,-102.0,pre
E4,335,2025-10-28,152.115,-119.4,pre
E4,336,2025-10-29,152.740,-105.2,pre
E4,337,2025-10-30,154.149,-73.1,pre
E4,338,2025-10-31,154.017,-76.1,pre
E4,339,2025-11-03,154.212,-71.7,pre
E4,340,2025-11-04,153.665,-84.1,pre
E4,341,2025-11-05,154.114,-73.9,pre
E4,342,2025-11-06,153.072,-97.6,pre
E4,343,2025-11-07,153.419,-89.7,pre
E4,344,2025-11-10,154.132,-73.5,pre
E4,345,2025-11-11,154.156,-73.0,pre
E4,346,2025-11-12,154.815,-58.0,pre
E4,347,2025-11-13,154.536,-64.3,pre
E4,348,2025-11-14,154.524,-64.6,pre
E4,349,2025-11-17,155.264,-47.8,pre
E4,350,2025-11-18,155.522,-41.9,pre
E4,351,2025-11-19,157.169,-4.4,pre
E4,352,2025-11-20,157.466,2.3,pre
E4,353,2025-11-21,156.409,-21.7,pre
E4,354,2025-11-24,156.922,-10.1,pre
E4,355,2025-11-25,156.073,-29.4,pre
E4,356,2025-11-26,156.470,-20.3,pre
E4,357,2025-11-27,156.303,-24.1,pre
E4,358,2025-11-28,156.191,-26.7,pre
E4,359,2025-12-01,155.484,-42.8,pre
E4,360,2025-12-02,155.884,-33.7,pre
E4,361,2025-12-03,155.229,-48.6,pre
E4,362,2025-12-04,155.120,-51.0,pre
E4,363,2025-12-05,155.340,-46.0,pre
E4,364,2025-12-08,155.928,-32.7,pre
E4,365,2025-12-09,156.894,-10.7,pre
E4,366,2025-12-10,156.023,-30.5,pre
E4,367,2025-12-11,155.572,-40.8,pre
E4,368,2025-12-12,155.838,-34.7,pre
E4,369,2025-12-15,155.206,-49.1,pre
E4,370,2025-12-16,154.721,-60.1,pre
E4,371,2025-12-17,155.693,-38.0,pre
E4,372,2025-12-18,155.562,-41.0,pre
E4,373,2025-12-19,157.723,8.2,pre
E4,374,2025-12-22,157.036,-7.5,pre
E4,375,2025-12-23,156.235,-25.7,pre
E4,376,2025-12-24,155.952,-32.1,pre
E4,377,2025-12-26,156.569,-18.1,pre
E4,378,2025-12-29,156.042,-30.1,pre
E4,379,2025-12-30,156.421,-21.4,pre
E4,380,2025-12-31,156.684,-15.5,pre
E4,381,2026-01-02,156.837,-12.0,pre
E4,382,2026-01-05,156.404,-21.8,pre
E4,383,2026-01-06,156.663,-15.9,pre
E4,384,2026-01-07,156.757,-13.8,pre
E4,385,2026-01-08,156.882,-11.0,pre
E4,386,2026-01-09,157.933,12.9,pre
E4,387,2026-01-12,158.160,18.1,pre
E4,388,2026-01-13,159.172,41.1,pre
E4,389,2026-01-14,158.436,24.4,pre
E4,390,2026-01-15,158.622,28.6,pre
E4,391,2026-01-16,158.103,16.8,pre
E4,392,2026-01-19,158.127,17.4,pre
E4,393,2026-01-20,158.138,17.6,pre
E4,394,2026-01-21,158.294,21.2,pre
E4,395,2026-01-22,158.428,24.2,pre
E4,396,2026-01-23,155.736,-37.0,pre
E4,397,2026-01-26,154.221,-71.5,pre
E4,398,2026-01-27,152.204,-117.4,pre
E4,399,2026-01-28,153.404,-90.1,pre
E4,400,2026-01-29,153.114,-96.7,pre
E4,401,2026-01-30,154.782,-58.7,pre
E4,402,2026-02-02,155.606,-40.0,pre
E4,403,2026-02-03,155.795,-35.7,pre
E4,404,2026-02-04,156.870,-11.2,pre
E4,405,2026-02-05,157.044,-7.3,pre
E4,406,2026-02-06,157.240,-2.8,pre
E4,407,2026-02-09,155.899,-33.3,pre
E4,408,2026-02-10,154.379,-67.9,pre
E4,409,2026-02-11,153.270,-93.1,pre
E4,410,2026-02-12,152.738,-105.2,pre
E4,411,2026-02-13,152.711,-105.8,pre
E4,412,2026-02-16,153.520,-87.4,pre
E4,413,2026-02-17,153.299,-92.4,pre
E4,414,2026-02-18,154.824,-57.8,pre
E4,415,2026-02-19,155.001,-53.7,pre
E4,416,2026-02-20,155.076,-52.0,pre
E4,417,2026-02-23,154.674,-61.2,pre
E4,418,2026-02-24,155.902,-33.2,pre
E4,419,2026-02-25,156.364,-22.7,pre
E4,420,2026-02-26,156.135,-28.0,pre
E4,421,2026-02-27,156.066,-29.5,pre
E4,422,2026-03-02,157.360,-0.1,pre
E4,423,2026-03-03,157.694,7.5,pre
E4,424,2026-03-04,157.054,-7.1,pre
E4,425,2026-03-05,157.558,4.4,pre
E4,426,2026-03-06,157.822,10.4,pre
E4,427,2026-03-09,157.668,6.9,pre
E4,428,2026-03-10,158.066,16.0,pre
E4,429,2026-03-11,158.960,36.3,pre
E4,430,2026-03-12,159.350,45.2,pre
E4,431,2026-03-13,159.733,53.9,passage
E4,432,2026-03-16,159.046,38.3,post
E4,433,2026-03-17,159.000,37.2,post
E4,434,2026-03-18,159.868,56.9,post
E4,435,2026-03-19,157.709,7.8,post
E4,436,2026-03-20,159.228,42.4,post
E4,437,2026-03-23,158.429,24.2,post
E4,438,2026-03-24,158.705,30.5,post
E4,439,2026-03-25,159.474,48.0,post
E5,0,2026-05-06,156.370,23.5,pre
E5,1,2026-05-07,156.938,33.5,pre
E5,2,2026-05-08,156.686,29.0,pre
E5,3,2026-05-11,157.226,38.5,pre
E5,4,2026-05-12,157.615,45.4,pre
E5,5,2026-05-13,157.894,50.3,passage
E5,6,2026-05-14,158.384,58.9,post
E5,7,2026-05-15,158.776,65.8,post
E5,8,2026-05-18,158.858,67.2,post
E5,9,2026-05-19,159.080,71.1,post
E5,10,2026-05-20,158.934,68.5,post
E5,11,2026-05-21,158.990,69.5,post
E5,12,2026-05-22,159.206,73.3,post
E5,13,2026-05-25,158.929,68.4,post
E6,0,2026-08-03,157.195,23.1,pre
E6,1,2026-08-04,157.746,29.6,pre
E6,2,2026-08-05,157.770,29.9,pre
E6,3,2026-08-06,158.462,38.0,pre
E6,4,2026-08-07,157.805,30.3,pre
E6,5,2026-08-10,159.308,47.9,pre
E6,6,2026-08-11,159.290,47.7,pre
E6,7,2026-08-12,159.426,49.3,pre
E6,8,2026-08-13,159.518,50.4,passage
E6,9,2026-08-14,159.321,48.1,post
E6,10,2026-08-17,159.469,49.8,post
E6,11,2026-08-18,159.530,50.6,post
