ym,total_net,public_net,V_private_net
2005-01,5888,-128,6016
2005-02,-6475,-161,-6314
2005-03,-7678,-78,-7600
2005-04,40027,-71,40098
2005-05,26260,-55,26315
2005-06,9547,-41,9588
2005-07,19935,-43,19978
2005-08,8322,-57,8379
2005-09,9302,-180,9482
2005-10,35026,-21,35047
2005-11,4332,-6,4338
2005-12,14036,-1,14037
2006-01,-5814,-23,-5791
2006-02,-3858,-6,-3852
2006-03,-23264,-12,-23252
2006-04,11508,0,11508
2006-05,11757,0,11757
2006-06,7420,0,7420
2006-07,7487,-1,7488
2006-08,22908,0,22908
2006-09,-7225,0,-7225
2006-10,20597,-16,20613
2006-11,8854,0,8854
2006-12,1410,-1,1411
2007-01,167,0,167
2007-02,-18902,-289,-18613
2007-03,-4568,-10,-4558
2007-04,12680,-3,12683
2007-05,6927,-6,6933
2007-06,-8040,-39,-8001
2007-07,-6598,-11,-6587
2007-08,-6904,-24,-6880
2007-09,33034,-1,33035
2007-10,28325,2,28323
2007-11,5346,0,5346
2007-12,11518,0,11518
2008-01,25233,-17,25250
2008-02,9445,-200,9645
2008-03,9900,-602,10502
2008-04,-7613,-10,-7603
2008-05,20283,-3,20286
2008-06,7980,-2,7982
2008-07,-289,0,-289
2008-08,-18626,-30,-18596
2008-09,77,-6,83
2008-10,2149,-1,2150
2008-11,6068,0,6068
2008-12,-2368,-2,-2366
2009-01,12735,0,12735
2009-02,35591,-54,35645
2009-03,11206,-2,11208
2009-04,3752,-27,3779
2009-05,18486,-3,18489
2009-06,26372,-31,26403
2009-07,4447,-36,4483
2009-08,6039,-24,6063
2009-09,8607,-19,8626
2009-10,-14917,-13,-14904
2009-11,12924,-12,12936
2009-12,-3586,-2,-3584
2010-01,8256,-3,8259
2010-02,8062,-5,8067
2010-03,12792,-59,12851
2010-04,5090,0,5090
2010-05,15046,0,15046
2010-06,35409,-18,35427
2010-07,46860,0,46860
2010-08,49379,0,49379
2010-09,28530,-12,28542
2010-10,23446,-13,23459
2010-11,-15005,-202,-14803
2010-12,1563,-157,1720
2011-01,13419,-151,13570
2011-02,6338,-101,6439
2011-03,26335,-16,26351
2011-04,-10321,-3,-10318
2011-05,-10537,0,-10537
2011-06,7076,-14,7090
2011-07,-1050,-1,-1049
2011-08,-3104,-14,-3090
2011-09,31113,-10,31123
2011-10,4706,-33,4739
2011-11,-12666,-2,-12664
2011-12,7710,0,7710
2012-01,27198,0,27198
2012-02,26376,-52,26428
2012-03,9331,-9,9340
2012-04,-26174,-11,-26163
2012-05,19803,0,19803
2012-06,18546,0,18546
2012-07,12023,-12,12035
2012-08,21463,-1,21464
2012-09,23255,-4,23259
2012-10,11189,-9,11198
2012-11,14987,0,14987
2012-12,5019,-1,5020
2013-01,1433,-1,1434
2013-02,-24913,-67,-24846
2013-03,-5264,-91,-5173
2013-04,-21909,-18,-21891
2013-05,-25458,-21,-25437
2013-06,-29578,-15,-29563
2013-07,34818,-12,34830
2013-08,113,-13,126
2013-09,11816,-59,11875
2013-10,10345,-18,10363
2013-11,25559,-19,25578
2013-12,-4991,-72,-4919
2014-01,-29118,-46,-29072
2014-02,-2669,-101,-2568
2014-03,-17489,-293,-17196
2014-04,-2010,-36,-1974
2014-05,16977,-9,16986
2014-06,20499,-78,20577
2014-07,10456,19,10437
2014-08,12552,-67,12619
2014-09,13130,-158,13288
2014-10,2908,-63,2971
2014-11,13459,-52,13511
2014-12,-29027,-21,-29006
2015-01,8241,-22,8263
2015-02,13064,-36,13100
2015-03,25546,-270,25816
2015-04,-28628,2201,-30829
2015-05,24355,-20,24375
2015-06,-40893,-257,-40636
2015-07,19679,-17,19696
2015-08,14078,-18,14096
2015-09,32310,-259,32569
2015-10,23675,-31,23706
2015-11,20290,-9,20299
2015-12,6222,-73,6295
2016-01,3461,-27,3488
2016-02,35607,56,35551
2016-03,52098,-1181,53279
2016-04,6204,-217,6421
2016-05,15186,-2,15188
2016-06,19452,0,19452
2016-07,54494,-17,54511
2016-08,22863,-16,22879
2016-09,4457,-5,4462
2016-10,13459,-3,13462
2016-11,839,-257,1096
2016-12,-18571,-63,-18508
2017-01,-16210,7,-16217
2017-02,-10673,9,-10682
2017-03,390,-126,516
2017-04,-42559,-73,-42486
2017-05,31074,-90,31164
2017-06,14336,2,14334
2017-07,44630,-90,44720
2017-08,7453,11,7442
2017-09,-799,-4,-795
2017-10,-14334,9,-14343
2017-11,-810,-1,-809
2017-12,-1283,6,-1289
2018-01,13887,0,13887
2018-02,-27331,20,-27351
2018-03,16027,-98,16125
2018-04,16127,7,16120
2018-05,-11232,2,-11234
2018-06,10591,16,10575
2018-07,12852,-2,12854
2018-08,270,7,263
2018-09,45188,15,45173
2018-10,-7053,8,-7061
2018-11,21279,3,21276
2018-12,5618,8,5610
2019-01,22235,2,22233
2019-02,31354,1,31353
2019-03,27967,21,27946
2019-04,-5601,2,-5603
2019-05,16880,-2,16882
2019-06,30786,-1,30787
2019-07,22700,-64,22764
2019-08,13972,-19,13991
2019-09,17816,4,17812
2019-10,6127,8,6119
2019-11,2791,-4,2795
2019-12,-8455,-35,-8420
2020-01,18697,-15,18712
2020-02,32202,-73,32275
2020-03,35039,-29,35068
2020-04,-34168,-74,-34094
2020-05,-11048,-10,-11038
2020-06,42441,-5,42446
2020-07,17328,-12,17340
2020-08,19836,-11,19847
2020-09,6094,-28,6122
2020-10,13685,-4,13689
2020-11,50090,-13,50103
2020-12,16882,-95,16977
2021-01,24879,-7,24886
2021-02,-20981,-70,-20911
2021-03,7922,-1,7923
2021-04,14473,-7,14480
2021-05,-11695,-9,-11686
2021-06,8006,7,7999
2021-07,-11676,-7,-11669
2021-08,-8871,-1,-8870
2021-09,46341,-1,46342
2021-10,4346,-4,4350
2021-11,-2658,-9,-2649
2021-12,-23809,-45,-23764
2022-01,9673,-21,9694
2022-02,-26754,-13,-26741
2022-03,-28386,-83,-28303
2022-04,-20563,-14,-20549
2022-05,-12584,0,-12584
2022-06,-44870,-11,-44859
2022-07,-26590,-29,-26561
2022-08,12074,-16,12090
2022-09,-27776,-7,-27769
2022-10,-26007,0,-26007
2022-11,-10948,-7,-10941
2022-12,-14687,-5,-14682
2023-01,11180,-5,11185
2023-02,41318,0,41318
2023-03,50654,-67,50721
2023-04,-11555,-25,-11530
2023-05,30774,0,30774
2023-06,23945,-78,24023
2023-07,-16425,-41,-16384
2023-08,17555,-6,17561
2023-09,33963,-1,33964
2023-10,12683,-26,12709
2023-11,-10978,-6,-10972
2023-12,12667,-16,12683
2024-01,27123,-1,27124
2024-02,9679,-50,9729
2024-03,4036,-23,4059
2024-04,-12151,-10,-12141
2024-05,22981,0,22981
2024-06,-33502,-9,-33493
2024-07,-14857,-46,-14811
2024-08,73370,-2,73372
2024-09,23314,0,23314
2024-10,-44881,0,-44881
2024-11,95,-15,110
2024-12,-13324,-78,-13246
2025-01,2689,-46,2735
2025-02,33030,-19,33049
2025-03,-9027,-3,-9024
2025-04,-19858,-41,-19817
2025-05,39874,-100,39974
2025-06,21208,-14,21222
2025-07,38245,-1,38246
2025-08,3807,-13,3820
2025-09,19167,-81,19248
2025-10,-12409,-47,-12362
2025-11,7189,-12,7201
2025-12,-3742,-5,-3737
2026-01,6233,-8,6241
2026-02,-34216,-112,-34104
2026-03,-37574,0,-37574
2026-04,5002,-51,5053
2026-05,30861,-2,30863
2026-06,-180,-37,-143
2026-07,3657,-184,3841
