date,sell_per1000,buy_per1000
2021-01-04,-8.3,0.2
2021-01-05,-8.3,0.2
2021-01-06,-24.9,0.6
2021-01-07,-8.3,0.2
2021-01-08,-8.3,0.2
2021-01-11,-8.3,0.2
2021-01-12,-8.3,0.2
2021-01-13,-24.9,0.6
2021-01-14,-8.3,0.2
2021-01-15,-8.3,0.2
2021-01-18,-8.3,0.2
2021-01-19,-8.3,0.2
2021-01-20,-24.9,0.6
2021-01-21,-8.3,0.2
2021-01-22,-8.3,0.2
2021-01-25,-8.3,0.2
2021-01-26,-8.3,0.2
2021-01-27,-24.9,0.6
2021-01-28,-8.3,0.2
2021-01-29,-8.3,0.2
2021-02-01,-8.3,0.2
2021-02-02,-8.3,0.2
2021-02-03,-24.9,0.6
2021-02-04,-8.3,0.2
2021-02-05,-8.3,0.2
2021-02-08,-8.3,0.2
2021-02-09,-8.3,0.2
2021-02-10,-24.9,0.6
2021-02-11,-8.3,0.2
2021-02-12,-8.3,0.2
2021-02-15,-8.3,0.2
2021-02-16,-8.3,0.2
2021-02-17,-24.9,0.6
2021-02-18,-8.3,0.2
2021-02-19,-8.3,0.2
2021-02-22,-8.3,0.2
2021-02-23,-8.3,0.2
2021-02-24,-24.9,0.6
2021-02-25,-8.3,0.2
2021-02-26,-8.3,0.2
2021-03-01,-8.3,0.2
2021-03-02,-8.3,0.2
2021-03-03,-24.9,0.6
2021-03-04,-8.3,0.2
2021-03-05,-8.3,0.2
2021-03-08,-8.3,0.2
2021-03-09,-8.3,0.2
2021-03-10,-24.9,0.6
2021-03-11,-8.3,0.2
2021-03-12,-8.3,0.2
2021-03-15,-8.3,0.2
2021-03-16,-8.3,0.2
2021-03-17,-24.9,0.6
2021-03-18,-8.3,0.2
2021-03-19,-8.3,0.2
2021-03-22,-8.3,0.2
2021-03-23,-8.3,0.2
2021-03-24,-24.9,0.6
2021-03-25,-8.3,0.2
2021-03-26,-8.3,0.2
2021-03-29,-8.3,0.2
2021-03-30,-8.3,0.2
2021-03-31,-24.9,0.6
2021-04-01,-8.3,0.2
2021-04-02,-8.3,0.2
2021-04-05,-8.3,0.2
2021-04-06,-8.3,0.2
2021-04-07,-24.9,0.6
2021-04-08,-8.3,0.2
2021-04-09,-8.3,0.2
2021-04-12,-8.3,0.2
2021-04-13,-8.3,0.2
2021-04-14,-24.9,0.6
2021-04-15,-8.3,0.2
2021-04-16,-8.3,0.2
2021-04-19,-8.3,0.2
2021-04-20,-8.3,0.2
2021-04-21,-24.9,0.6
2021-04-22,-8.3,0.2
2021-04-23,-8.3,0.2
2021-04-26,-8.3,0.2
2021-04-27,-8.3,0.2
2021-04-28,-24.9,0.6
2021-04-29,-8.3,0.2
2021-04-30,-8.3,0.2
2021-05-03,-8.3,0.2
2021-05-04,-8.3,0.2
2021-05-05,-24.9,0.6
2021-05-06,-8.3,0.2
2021-05-07,-8.3,0.2
2021-05-10,-8.3,0.2
2021-05-11,-8.3,0.2
2021-05-12,-24.9,0.6
2021-05-13,-8.3,0.2
2021-05-14,-8.3,0.2
2021-05-17,-8.3,0.2
2021-05-18,-8.3,0.2
2021-05-19,-25.8,0.6
2021-05-20,-8.3,0.2
2021-05-21,-8.3,0.2
2021-05-24,-8.3,0.2
2021-05-25,-8.3,0.2
2021-05-26,-25.8,0.6
2021-05-27,-8.3,0.2
2021-05-28,-8.3,0.2
2021-05-31,-8.3,0.2
2021-06-01,-8.3,0.2
2021-06-02,-25.8,0.6
2021-06-03,-8.3,0.2
2021-06-04,-8.3,0.2
2021-06-07,-8.3,0.2
2021-06-08,-8.3,0.2
2021-06-09,-25.8,0.6
2021-06-10,-8.3,0.2
2021-06-11,-8.3,0.2
2021-06-14,-8.3,0.2
2021-06-15,-8.3,0.2
2021-06-16,-25.8,0.6
2021-06-17,-8.3,0.2
2021-06-18,-8.3,0.2
2021-06-21,-8.3,0.2
2021-06-22,-8.3,0.2
2021-06-23,-25.8,0.6
2021-06-24,-8.3,0.2
2021-06-25,-8.3,0.2
2021-06-28,-8.3,0.2
2021-06-29,-8.3,0.2
2021-06-30,-25.8,0.6
2021-07-01,-8.3,0.2
2021-07-02,-8.3,0.2
2021-07-05,-8.3,0.2
2021-07-06,-8.3,0.2
2021-07-07,-25.8,0.6
2021-07-08,-8.3,0.2
2021-07-09,-8.3,0.2
2021-07-12,-8.3,0.2
2021-07-13,-8.3,0.2
2021-07-14,-25.8,0.6
2021-07-15,-8.3,0.2
2021-07-16,-8.3,0.2
2021-07-19,-8.3,0.2
2021-07-20,-8.3,0.2
2021-07-21,-25.8,0.6
2021-07-22,-8.3,0.2
2021-07-23,-8.3,0.2
2021-07-26,-8.3,0.2
2021-07-27,-8.3,0.2
2021-07-28,-25.8,0.6
2021-07-29,-8.3,0.2
2021-07-30,-8.3,0.2
2021-08-02,-8.3,0.2
2021-08-03,-8.3,0.2
2021-08-04,-25.8,0.6
2021-08-05,-8.3,0.2
2021-08-06,-8.3,0.2
2021-08-09,-8.3,0.2
2021-08-10,-8.3,0.2
2021-08-11,-25.8,0.6
2021-08-12,-8.3,0.2
2021-08-13,-8.3,0.2
2021-08-16,-8.3,0.2
2021-08-17,-8.3,0.2
2021-08-18,-25.8,0.6
2021-08-19,-8.3,0.2
2021-08-20,-8.3,0.2
2021-08-23,-8.3,0.2
2021-08-24,-8.3,0.2
2021-08-25,-25.8,0.6
2021-08-26,-8.3,0.2
2021-08-27,-8.3,0.2
2021-08-30,-8.3,0.2
2021-08-31,-8.3,0.2
2021-09-01,-25.8,0.6
2021-09-02,-8.3,0.2
2021-09-03,-8.3,0.2
2021-09-06,-8.3,0.2
2021-09-07,-8.3,0.2
2021-09-08,-25.8,0.6
2021-09-09,-8.3,0.2
2021-09-10,-8.3,0.2
2021-09-13,-8.3,0.2
2021-09-14,-8.3,0.2
2021-09-15,-25.8,0.6
2021-09-16,-8.3,0.2
2021-09-17,-8.3,0.2
2021-09-20,-8.3,0.2
2021-09-21,-8.3,0.2
2021-09-22,-25.8,0.6
2021-09-23,-8.3,0.2
2021-09-24,-8.3,0.2
2021-09-27,-8.3,0.2
2021-09-28,-8.3,0.2
2021-09-29,-25.8,0.6
2021-09-30,-8.3,0.2
2021-10-01,-8.3,0.2
2021-10-04,-8.3,0.2
2021-10-05,-8.3,0.2
2021-10-06,-25.8,0.6
2021-10-07,-8.3,0.2
2021-10-08,-8.3,0.2
2021-10-11,-8.3,0.2
2021-10-12,-8.3,0.2
2021-10-13,-25.8,0.6
2021-10-14,-8.3,0.2
2021-10-15,-8.3,0.2
2021-10-18,-8.3,0.2
2021-10-19,-8.3,0.2
2021-10-20,-25.8,0.6
2021-10-21,-8.3,0.2
2021-10-22,-8.3,0.2
2021-10-25,-8.3,0.2
2021-10-26,-8.3,0.2
2021-10-27,-25.8,0.6
2021-10-28,-8.3,0.2
2021-10-29,-8.3,0.2
2021-11-01,-8.3,0.2
2021-11-02,-8.3,0.2
2021-11-03,-25.8,0.6
2021-11-04,-8.3,0.2
2021-11-05,-8.3,0.2
2021-11-08,-8.3,0.2
2021-11-09,-8.3,0.2
2021-11-10,-25.8,0.6
2021-11-11,-8.3,0.2
2021-11-12,-8.3,0.2
2021-11-15,-8.3,0.2
2021-11-16,-8.3,0.2
2021-11-17,-25.8,0.6
2021-11-18,-8.3,0.2
2021-11-19,-8.3,0.2
2021-11-22,-8.3,0.2
2021-11-23,-8.3,0.2
2021-11-24,-25.8,0.6
2021-11-25,-8.3,0.2
2021-11-26,-8.3,0.2
2021-11-29,-8.3,0.2
2021-11-30,-8.3,0.2
2021-12-01,-25.8,0.6
2021-12-02,-8.3,0.2
2021-12-03,-8.3,0.2
2021-12-06,-8.3,0.2
2021-12-07,-8.3,0.2
2021-12-08,-25.8,0.6
2021-12-09,-8.3,0.2
2021-12-10,-8.3,0.2
2021-12-13,-8.3,0.2
2021-12-14,-8.3,0.2
2021-12-15,-25.8,0.6
2021-12-16,-8.3,0.2
2021-12-17,-8.3,0.2
2021-12-20,-8.3,0.2
2021-12-21,-8.3,0.2
2021-12-22,-25.8,0.6
2021-12-23,-8.3,0.2
2021-12-24,-8.3,0.2
2021-12-27,-8.3,0.2
2021-12-28,-8.3,0.2
2021-12-29,-25.8,0.6
2021-12-30,-8.3,0.2
2021-12-31,-8.3,0.2
2022-01-03,-8.3,0.2
2022-01-04,-8.3,0.2
2022-01-05,-25.8,0.6
2022-01-06,-8.3,0.2
2022-01-07,-8.3,0.2
2022-01-10,-8.3,0.2
2022-01-11,-8.3,0.2
2022-01-12,-25.8,0.6
2022-01-13,-8.3,0.2
2022-01-14,-8.3,0.2
2022-01-17,-8.3,0.2
2022-01-18,-8.3,0.2
2022-01-19,-25.8,0.6
2022-01-20,-8.3,0.2
2022-01-21,-8.3,0.2
2022-01-24,-8.3,0.2
2022-01-25,-8.3,0.2
2022-01-26,-25.8,0.6
2022-01-27,-8.3,0.2
2022-01-28,-8.3,0.2
2022-01-31,-8.3,0.2
2022-02-01,-8.3,0.2
2022-02-02,-25.8,0.6
2022-02-03,-8.3,0.2
2022-02-04,-8.3,0.2
2022-02-07,-8.3,0.2
2022-02-08,-8.3,0.2
2022-02-09,-25.8,0.6
2022-02-10,-8.3,0.2
2022-02-11,-8.3,0.2
2022-02-14,-8.3,0.2
2022-02-15,-8.3,0.2
2022-02-16,-25.8,0.6
2022-02-17,-8.3,0.2
2022-02-18,-8.3,0.2
2022-02-21,-8.3,0.2
2022-02-22,-8.3,0.2
2022-02-23,-25.8,0.6
2022-02-24,-8.3,0.2
2022-02-25,-8.3,0.2
2022-02-28,-8.3,0.2
2022-03-01,-8.3,0.2
2022-03-02,-25.8,0.6
2022-03-03,-8.3,0.2
2022-03-04,-8.3,0.2
2022-03-07,-8.3,0.2
2022-03-08,-8.3,0.2
2022-03-09,-25.8,0.6
2022-03-10,-8.3,0.2
2022-03-11,-8.3,0.2
2022-03-14,-8.3,0.2
2022-03-15,-8.3,0.2
2022-03-16,-25.8,0.6
2022-03-17,-8.3,0.2
2022-03-18,-8.3,0.2
2022-03-21,-8.3,0.2
2022-03-22,-8.3,0.2
2022-03-23,-25.8,0.6
2022-03-24,-8.3,0.2
2022-03-25,-8.3,0.2
2022-03-28,-8.3,0.2
2022-03-29,-8.3,0.2
2022-03-30,-25.8,0.6
2022-03-31,-8.3,0.2
2022-04-01,-8.3,0.2
2022-04-04,-8.3,0.2
2022-04-05,-8.3,0.2
2022-04-06,-25.8,0.6
2022-04-07,-8.3,0.2
2022-04-08,-8.3,0.2
2022-04-11,-8.3,0.2
2022-04-12,-8.3,0.2
2022-04-13,-25.8,0.6
2022-04-14,-8.3,0.2
2022-04-15,-8.3,0.2
2022-04-18,-8.3,0.2
2022-04-19,-8.3,0.2
2022-04-20,-25.8,0.6
2022-04-21,-8.3,0.2
2022-04-22,-8.3,0.2
2022-04-25,-8.3,0.2
2022-04-26,-8.3,0.2
2022-04-27,-25.8,0.6
2022-04-28,-8.6,0.2
2022-04-29,-8.6,0.2
2022-05-02,-8.3,0.2
2022-05-03,-8.3,0.2
2022-05-04,-25.8,0.6
2022-05-05,-8.3,0.2
2022-05-06,-8.3,0.2
2022-05-09,-8.3,0.2
2022-05-10,-8.3,0.2
2022-05-11,-25.8,0.6
2022-05-12,-8.3,0.2
2022-05-13,-8.3,0.2
2022-05-16,-8.3,0.2
2022-05-17,-8.3,0.2
2022-05-18,-25.8,0.6
2022-05-19,-8.3,0.2
2022-05-20,-8.3,0.2
2022-05-23,-8.3,0.2
2022-05-24,-8.3,0.2
2022-05-25,-25.8,0.6
2022-05-26,-8.3,0.2
2022-05-27,-8.3,0.2
2022-05-30,-8.3,0.2
2022-05-31,-8.3,0.2
2022-06-01,-25.8,0.6
2022-06-02,-8.3,0.2
2022-06-03,-8.3,0.2
2022-06-06,-8.3,0.2
2022-06-07,-8.3,0.2
2022-06-08,-25.8,0.6
2022-06-09,-8.3,0.2
2022-06-10,-8.3,0.2
2022-06-13,-8.3,0.2
2022-06-14,-8.3,0.2
2022-06-15,-25.8,0.6
2022-06-16,-8.6,0.2
2022-06-17,-8.6,0.2
2022-06-20,-8.6,0.2
2022-06-21,-8.6,0.2
2022-06-22,-25.8,0.6
2022-06-23,-8.6,0.2
2022-06-24,-8.6,0.2
2022-06-27,-8.6,0.2
2022-06-28,-8.6,0.2
2022-06-29,-29.7,0.6
2022-06-30,-8.6,0.2
2022-07-01,-8.6,0.2
2022-07-04,-8.6,0.2
2022-07-05,-8.6,0.2
2022-07-06,-25.8,0.6
2022-07-07,-8.6,0.2
2022-07-08,-8.6,0.2
2022-07-11,-8.6,0.2
2022-07-12,-8.6,0.2
2022-07-13,-27.0,0.6
2022-07-14,-9.0,0.2
2022-07-15,-9.3,0.5
2022-07-18,-9.3,0.5
2022-07-19,-9.3,0.5
2022-07-20,-27.9,1.5
2022-07-21,-9.3,0.5
2022-07-22,-9.3,0.5
2022-07-25,-9.3,0.5
2022-07-26,-9.3,0.5
2022-07-27,-29.4,1.5
2022-07-28,-9.8,0.5
2022-07-29,-9.8,0.5
2022-08-01,-9.8,0.5
2022-08-02,-9.8,0.5
2022-08-03,-29.4,1.5
2022-08-04,-9.8,0.5
2022-08-05,-9.8,0.5
2022-08-08,-9.8,0.5
2022-08-09,-9.8,0.5
2022-08-10,-29.4,1.5
2022-08-11,-9.8,0.5
2022-08-12,-9.8,0.5
2022-08-15,-9.8,0.5
2022-08-16,-9.8,0.5
2022-08-17,-29.4,1.5
2022-08-18,-9.8,0.5
2022-08-19,-9.8,0.5
2022-08-22,-9.8,0.5
2022-08-23,-9.8,0.5
2022-08-24,-29.4,1.5
2022-08-25,-9.8,0.5
2022-08-26,-9.8,0.5
2022-08-29,-10.5,0.5
2022-08-30,-10.8,0.5
2022-08-31,-32.4,1.5
2022-09-01,-10.8,0.5
2022-09-02,-10.8,0.5
2022-09-05,-12.3,2.0
2022-09-06,-12.3,2.0
2022-09-07,-36.9,6.0
2022-09-08,-12.3,2.0
2022-09-09,-12.3,2.0
2022-09-12,-12.3,2.0
2022-09-13,-11.9,1.6
2022-09-14,-35.7,4.8
2022-09-15,-11.9,1.6
2022-09-16,-11.9,1.6
2022-09-19,-11.9,1.6
2022-09-20,-11.9,1.6
2022-09-21,-35.7,4.8
2022-09-22,-11.9,1.6
2022-09-23,-11.9,1.6
2022-09-26,-14.0,3.0
2022-09-27,-14.0,3.0
2022-09-28,-42.0,9.0
2022-09-29,-15.0,4.0
2022-09-30,-15.0,4.0
2022-10-03,-15.0,4.0
2022-10-04,-15.0,4.0
2022-10-05,-45.0,12.0
2022-10-06,-15.0,4.0
2022-10-07,-15.0,4.0
2022-10-10,-15.0,4.0
2022-10-11,-15.0,4.0
2022-10-12,-45.0,12.0
2022-10-13,-15.0,4.0
2022-10-14,-15.0,4.0
2022-10-17,-15.0,4.0
2022-10-18,-15.0,4.0
2022-10-19,-45.0,12.0
2022-10-20,-15.0,4.0
2022-10-21,-15.0,4.0
2022-10-24,-15.0,4.0
2022-10-25,-15.0,4.0
2022-10-26,-45.0,12.0
2022-10-27,-15.0,4.0
2022-10-28,-15.0,4.0
2022-10-31,-15.0,4.0
2022-11-01,-15.0,4.0
2022-11-02,-45.0,12.0
2022-11-03,-15.0,4.0
2022-11-04,-15.0,4.0
2022-11-07,-15.0,4.0
2022-11-08,-15.0,4.0
2022-11-09,-45.0,12.0
2022-11-10,-15.0,4.0
2022-11-11,-17.0,6.0
2022-11-14,-17.0,6.0
2022-11-15,-17.0,6.0
2022-11-16,-51.0,18.0
2022-11-17,-17.0,6.0
2022-11-18,-17.0,6.0
2022-11-21,-17.0,6.0
2022-11-22,-17.0,6.0
2022-11-23,-51.0,18.0
2022-11-24,-17.0,6.0
2022-11-25,-17.0,6.0
2022-11-28,-17.0,6.0
2022-11-29,-17.0,6.0
2022-11-30,-51.0,18.0
2022-12-01,-17.0,6.0
2022-12-02,-17.0,6.0
2022-12-05,-17.0,6.0
2022-12-06,-17.0,6.0
2022-12-07,-51.0,18.0
2022-12-08,-17.0,6.0
2022-12-09,-17.0,6.0
2022-12-12,-17.0,6.0
2022-12-13,-17.0,6.0
2022-12-14,-51.0,18.0
2022-12-15,-17.0,6.0
2022-12-16,-17.0,6.0
2022-12-19,-17.0,6.0
2022-12-20,-17.0,6.0
2022-12-21,-51.0,18.0
2022-12-22,-17.0,6.0
2022-12-23,-17.0,6.0
2022-12-26,-17.5,6.0
2022-12-27,-17.5,6.0
2022-12-28,-55.5,19.5
2022-12-29,-18.5,6.5
2022-12-30,-18.5,6.5
2023-01-02,-18.5,6.5
2023-01-03,-18.5,6.5
2023-01-04,-55.5,19.5
2023-01-05,-18.5,6.5
2023-01-06,-18.5,6.5
2023-01-09,-18.5,6.5
2023-01-10,-18.5,6.5
2023-01-11,-55.5,19.5
2023-01-12,-18.5,6.5
2023-01-13,-18.5,6.5
2023-01-16,-18.5,6.5
2023-01-17,-18.5,6.5
2023-01-18,-55.5,19.5
2023-01-19,-18.5,6.5
2023-01-20,-18.5,6.5
2023-01-23,-18.5,6.5
2023-01-24,-18.5,6.5
2023-01-25,-55.5,19.5
2023-01-26,-18.5,6.5
2023-01-27,-18.5,6.5
2023-01-30,-18.5,6.5
2023-01-31,-18.5,6.5
2023-02-01,-55.5,19.5
2023-02-02,-18.5,6.5
2023-02-03,-18.5,6.5
2023-02-06,-18.5,6.5
2023-02-07,-18.5,6.5
2023-02-08,-55.5,19.5
2023-02-09,-18.5,6.5
2023-02-10,-18.5,6.5
2023-02-13,-18.5,6.5
2023-02-14,-18.5,6.5
2023-02-15,-55.5,19.5
2023-02-16,-18.5,6.5
2023-02-17,-18.5,6.5
2023-02-20,-18.5,6.5
2023-02-21,-18.5,6.5
2023-02-22,-55.5,19.5
2023-02-23,-18.5,6.5
2023-02-24,-18.5,6.5
2023-02-27,-20.5,8.5
2023-02-28,-20.5,8.5
2023-03-01,-58.5,22.5
2023-03-02,-19.5,7.5
2023-03-03,-19.5,7.5
2023-03-06,-19.5,7.5
2023-03-07,-19.5,7.5
2023-03-08,-58.5,22.5
2023-03-09,-19.5,7.5
2023-03-10,-19.5,7.5
2023-03-13,-19.5,7.5
2023-03-14,-19.5,7.5
2023-03-15,-58.5,22.5
2023-03-16,-19.5,7.5
2023-03-17,-19.5,7.5
2023-03-20,-19.5,7.5
2023-03-21,-19.5,7.5
2023-03-22,-58.5,22.5
2023-03-23,-19.5,7.5
2023-03-24,-19.5,7.5
2023-03-27,-19.5,7.5
2023-03-28,-19.5,7.5
2023-03-29,-58.5,22.5
2023-03-30,-19.5,7.5
2023-03-31,-19.5,7.5
2023-04-03,-19.5,7.5
2023-04-04,-19.5,7.5
2023-04-05,-58.5,22.5
2023-04-06,-19.5,7.5
2023-04-07,-19.5,7.5
2023-04-10,-19.5,7.5
2023-04-11,-19.9,7.5
2023-04-12,-59.7,22.5
2023-04-13,-19.9,7.5
2023-04-14,-19.9,7.5
2023-04-17,-19.9,7.5
2023-04-18,-19.9,7.5
2023-04-19,-59.7,22.5
2023-04-20,-21.0,10.5
2023-04-21,-21.0,10.5
2023-04-24,-21.0,10.5
2023-04-25,-21.0,10.5
2023-04-26,-63.0,31.5
2023-04-27,-21.0,10.5
2023-04-28,-126.0,63.0
2023-05-01,-21.0,10.5
2023-05-02,0.0,0.0
2023-05-03,0.0,0.0
2023-05-04,0.0,0.0
2023-05-05,-21.0,10.5
2023-05-08,-21.0,15.0
2023-05-09,-21.0,15.0
2023-05-10,-63.0,45.0
2023-05-11,-21.0,15.0
2023-05-12,-21.0,15.0
2023-05-15,-21.0,15.0
2023-05-16,-21.0,15.0
2023-05-17,-63.0,45.0
2023-05-18,-21.0,15.0
2023-05-19,-21.0,15.0
2023-05-22,-22.0,16.0
2023-05-23,-22.0,16.0
2023-05-24,-66.0,48.0
2023-05-25,-22.0,16.0
2023-05-26,-22.0,16.0
2023-05-29,-22.0,16.0
2023-05-30,-23.0,17.0
2023-05-31,-69.0,51.0
2023-06-01,-23.0,17.0
2023-06-02,-23.0,17.0
2023-06-05,-23.0,17.0
2023-06-06,-23.0,17.0
2023-06-07,-69.0,51.0
2023-06-08,-23.0,17.0
2023-06-09,-23.0,17.0
2023-06-12,-23.0,17.0
2023-06-13,-23.0,17.0
2023-06-14,-69.0,51.0
2023-06-15,-21.5,15.5
2023-06-16,-21.5,15.5
2023-06-19,-22.0,15.5
2023-06-20,-22.0,15.5
2023-06-21,-67.5,46.5
2023-06-22,-22.5,15.5
2023-06-23,-22.5,15.5
2023-06-26,-22.5,15.5
2023-06-27,-24.5,16.5
2023-06-28,-73.5,49.5
2023-06-29,-26.0,17.5
2023-06-30,-24.0,16.5
2023-07-03,-24.0,16.5
2023-07-04,-24.0,16.5
2023-07-05,-72.0,49.5
2023-07-06,-24.0,16.5
2023-07-07,-23.0,15.5
2023-07-10,-25.0,13.0
2023-07-11,-25.0,13.0
2023-07-12,-75.0,39.0
2023-07-13,-25.0,13.0
2023-07-14,-25.0,13.0
2023-07-17,-25.0,13.0
2023-07-18,-25.0,13.0
2023-07-19,-75.0,39.0
2023-07-20,-25.0,13.0
2023-07-21,-25.0,13.0
2023-07-24,-25.0,13.0
2023-07-25,-25.0,13.0
2023-07-26,-75.0,39.0
2023-07-27,-25.0,13.0
2023-07-28,-25.0,13.0
2023-07-31,-25.0,13.0
2023-08-01,-26.0,13.0
2023-08-02,-84.0,45.0
2023-08-03,-28.0,15.0
2023-08-04,-28.0,15.0
2023-08-07,-28.0,15.0
2023-08-08,-112.0,60.0
2023-08-09,-28.0,15.0
2023-08-10,0.0,0.0
2023-08-11,-28.0,15.0
2023-08-14,-29.0,16.0
2023-08-15,-29.0,16.0
2023-08-16,-87.0,48.0
2023-08-17,-29.0,16.0
2023-08-18,-29.0,16.0
2023-08-21,-29.0,16.0
2023-08-22,-29.0,16.0
2023-08-23,-87.0,48.0
2023-08-24,-29.0,16.0
2023-08-25,-29.0,16.0
2023-08-28,-29.0,16.0
2023-08-29,-29.0,16.0
2023-08-30,-87.0,48.0
2023-08-31,-29.0,16.0
2023-09-01,-29.0,16.0
2023-09-04,-29.0,16.0
2023-09-05,-29.0,16.0
2023-09-06,-87.0,48.0
2023-09-07,-29.0,16.0
2023-09-08,-29.0,16.0
2023-09-11,-29.0,16.0
2023-09-12,-29.0,16.0
2023-09-13,-87.0,48.0
2023-09-14,-29.0,16.0
2023-09-15,-29.9,16.9
2023-09-18,-28.9,15.9
2023-09-19,-29.9,16.9
2023-09-20,-89.7,50.7
2023-09-21,-29.9,16.9
2023-09-22,-29.9,16.9
2023-09-25,-29.9,16.9
2023-09-26,-29.9,16.9
2023-09-27,-89.7,50.7
2023-09-28,-33.9,20.9
2023-09-29,-31.9,18.9
2023-10-02,-31.9,18.9
2023-10-03,-29.5,18.5
2023-10-04,-88.5,55.5
2023-10-05,-29.5,18.5
2023-10-06,-31.0,20.0
2023-10-09,-31.0,20.0
2023-10-10,-31.0,20.0
2023-10-11,-93.0,60.0
2023-10-12,-31.0,20.0
2023-10-13,-31.0,20.0
2023-10-16,-31.0,20.0
2023-10-17,-31.0,20.0
2023-10-18,-93.0,60.0
2023-10-19,-31.0,20.0
2023-10-20,-31.0,20.0
2023-10-23,-31.0,20.0
2023-10-24,-31.0,20.0
2023-10-25,-93.0,60.0
2023-10-26,-31.0,20.0
2023-10-27,-31.0,20.0
2023-10-30,-33.0,20.0
2023-10-31,-128.0,80.0
2023-11-01,-32.0,20.0
2023-11-02,0.0,0.0
2023-11-03,-33.0,20.0
2023-11-06,-33.0,20.0
2023-11-07,-33.0,20.0
2023-11-08,-99.0,60.0
2023-11-09,-33.0,20.0
2023-11-10,-33.0,20.0
2023-11-13,-33.0,20.0
2023-11-14,-33.0,20.0
2023-11-15,-99.0,60.0
2023-11-16,-33.0,20.0
2023-11-17,-33.0,20.0
2023-11-20,-66.0,40.0
2023-11-21,-99.0,60.0
2023-11-22,0.0,0.0
2023-11-23,-33.0,20.0
2023-11-24,-33.0,20.0
2023-11-27,-33.0,20.0
2023-11-28,-33.0,20.0
2023-11-29,-99.0,60.0
2023-11-30,-33.0,20.0
2023-12-01,-31.0,18.0
2023-12-04,-31.0,18.0
2023-12-05,-31.0,18.0
2023-12-06,-93.0,54.0
2023-12-07,-30.0,17.0
2023-12-08,-30.0,17.0
2023-12-11,-30.0,17.0
2023-12-12,-30.0,17.0
2023-12-13,-90.0,51.0
2023-12-14,-30.0,17.0
2023-12-15,-30.0,17.0
2023-12-18,-30.0,17.0
2023-12-19,-30.0,17.0
2023-12-20,-120.0,68.0
2023-12-21,0.0,0.0
2023-12-22,-30.0,17.0
2023-12-25,-30.0,17.0
2023-12-26,-30.0,17.0
2023-12-27,-180.0,102.0
2023-12-28,-30.0,17.0
2023-12-29,0.0,0.0
2024-01-02,0.0,0.0
2024-01-03,-120.0,68.0
2024-01-04,-30.0,17.0
2024-01-05,0.0,0.0
2024-01-08,-30.0,17.0
2024-01-09,-30.0,17.0
2024-01-10,-90.0,51.0
2024-01-11,-30.0,17.0
2024-01-12,-30.0,17.0
2024-01-15,-30.0,17.0
2024-01-16,-30.0,17.0
2024-01-17,-90.0,51.0
2024-01-18,-30.0,17.0
2024-01-19,-30.0,17.0
2024-01-22,-30.0,17.0
2024-01-23,-30.0,17.0
2024-01-24,-90.0,51.0
2024-01-25,-30.0,17.0
2024-01-26,-30.0,17.0
2024-01-29,-30.0,17.0
2024-01-30,-30.0,17.0
2024-01-31,-90.0,51.0
2024-02-01,-30.0,17.0
2024-02-02,-30.0,17.0
2024-02-05,-30.0,17.0
2024-02-06,-30.0,17.0
2024-02-07,-90.0,51.0
2024-02-08,-30.0,17.0
2024-02-09,-30.0,17.0
2024-02-12,-30.0,17.0
2024-02-13,-30.0,17.0
2024-02-14,-120.0,68.0
2024-02-15,0.0,0.0
2024-02-16,-30.0,17.0
2024-02-19,-30.0,17.0
2024-02-20,-120.0,68.0
2024-02-21,-30.0,17.0
2024-02-22,0.0,0.0
2024-02-23,-30.0,17.0
2024-02-26,-30.0,17.0
2024-02-27,-30.0,17.0
2024-02-28,-90.0,51.0
2024-02-29,-30.0,17.0
2024-03-01,-30.0,17.0
2024-03-04,-30.0,17.0
2024-03-05,-30.0,17.0
2024-03-06,-90.0,51.0
2024-03-07,-30.0,17.0
2024-03-08,-30.0,17.0
2024-03-11,-30.0,17.0
2024-03-12,-30.0,17.0
2024-03-13,-90.0,51.0
2024-03-14,-30.0,17.0
2024-03-15,-60.0,34.0
2024-03-18,-30.0,17.0
2024-03-19,0.0,0.0
2024-03-20,-90.0,51.0
2024-03-21,-30.0,17.0
2024-03-22,-30.0,17.0
2024-03-25,-30.0,17.0
2024-03-26,-30.0,17.0
2024-03-27,-90.0,51.0
2024-03-28,-30.0,17.0
2024-03-29,-30.0,17.0
2024-04-01,-30.0,17.0
2024-04-02,-30.0,17.0
2024-04-03,-90.0,51.0
2024-04-04,-30.0,17.0
2024-04-05,-30.0,17.0
2024-04-08,-30.0,17.0
2024-04-09,-30.0,17.0
2024-04-10,-90.0,51.0
2024-04-11,-30.0,17.0
2024-04-12,-30.0,17.0
2024-04-15,-30.0,17.0
2024-04-16,-30.0,17.0
2024-04-17,-90.0,51.0
2024-04-18,-30.0,17.0
2024-04-19,-30.0,17.0
2024-04-22,-30.0,17.0
2024-04-23,-30.0,17.0
2024-04-24,-120.0,68.0
2024-04-25,-30.0,17.0
2024-04-26,0.0,0.0
2024-04-29,-30.0,17.0
2024-04-30,-150.0,85.0
2024-05-01,-30.0,17.0
2024-05-02,0.0,0.0
2024-05-03,0.0,0.0
2024-05-06,-30.0,17.0
2024-05-07,-30.0,17.0
2024-05-08,-90.0,51.0
2024-05-09,-30.0,17.0
2024-05-10,-30.0,17.0
2024-05-13,-30.0,17.0
2024-05-14,-30.0,17.0
2024-05-15,-90.0,51.0
2024-05-16,-30.0,17.0
2024-05-17,-30.0,17.0
2024-05-20,-30.0,17.0
2024-05-21,-30.0,17.0
2024-05-22,-120.0,68.0
2024-05-23,0.0,0.0
2024-05-24,-30.0,17.0
2024-05-27,-30.0,17.0
2024-05-28,-30.0,17.0
2024-05-29,-90.0,51.0
2024-05-30,-30.0,17.0
2024-05-31,-30.0,17.0
2024-06-03,-30.0,17.0
2024-06-04,-30.0,17.0
2024-06-05,-90.0,51.0
2024-06-06,-30.0,17.0
2024-06-07,-30.0,17.0
2024-06-10,-30.0,17.0
2024-06-11,-30.0,17.0
2024-06-12,-90.0,51.0
2024-06-13,-30.0,17.0
2024-06-14,-60.0,34.0
2024-06-17,0.0,0.0
2024-06-18,-30.0,17.0
2024-06-19,-90.0,51.0
2024-06-20,-30.0,17.0
2024-06-21,-30.0,17.0
2024-06-24,-30.0,17.0
2024-06-25,-30.0,17.0
2024-06-26,-90.0,51.0
2024-06-27,-30.0,17.0
2024-06-28,-30.0,17.0
2024-07-01,-60.0,34.0
2024-07-02,0.0,0.0
2024-07-03,-90.0,51.0
2024-07-04,-30.0,17.0
2024-07-05,-30.0,17.0
2024-07-08,-23.5,20.5
2024-07-09,-24.0,21.0
2024-07-10,-108.0,96.0
2024-07-11,-24.0,21.0
2024-07-12,0.0,0.0
2024-07-15,-24.0,21.0
2024-07-16,-24.0,21.0
2024-07-17,-72.0,63.0
2024-07-18,-23.0,20.0
2024-07-19,-23.0,20.0
2024-07-22,-24.0,21.0
2024-07-23,-24.0,21.0
2024-07-24,-69.0,60.0
2024-07-25,-23.0,20.0
2024-07-26,-23.0,20.0
2024-07-29,-23.0,20.0
2024-07-30,-24.5,21.5
2024-07-31,-67.5,58.5
2024-08-01,-23.0,20.0
2024-08-02,-23.0,20.0
2024-08-05,-22.0,19.0
2024-08-06,-23.0,20.0
2024-08-07,-92.0,80.0
2024-08-08,-23.0,20.0
2024-08-09,0.0,0.0
2024-08-12,-23.0,20.0
2024-08-13,-23.0,20.0
2024-08-14,-72.0,63.0
2024-08-15,-25.0,22.0
2024-08-16,-24.0,21.0
2024-08-19,-24.0,21.0
2024-08-20,-23.5,20.5
2024-08-21,-72.0,63.0
2024-08-22,-24.0,21.0
2024-08-23,-23.9,20.9
2024-08-26,-23.8,20.8
2024-08-27,-23.7,20.7
2024-08-28,-96.0,84.0
2024-08-29,0.0,0.0
2024-08-30,-27.0,24.0
2024-09-02,-27.0,24.0
2024-09-03,-24.0,21.0
2024-09-04,-72.0,63.0
2024-09-05,-24.1,21.1
2024-09-06,-24.1,21.1
2024-09-09,-24.0,21.0
2024-09-10,-24.0,21.0
2024-09-11,-96.4,84.4
2024-09-12,-23.8,20.8
2024-09-13,0.0,0.0
2024-09-16,-23.8,20.8
2024-09-17,-26.8,23.8
2024-09-18,-95.2,83.2
2024-09-19,-23.2,20.2
2024-09-20,0.0,0.0
2024-09-23,-23.3,20.3
2024-09-24,-23.1,20.1
2024-09-25,-78.6,69.6
2024-09-26,-23.2,20.2
2024-09-27,-23.6,20.6
2024-09-30,-23.2,20.2
2024-10-01,-23.0,20.0
2024-10-02,-78.0,69.0
2024-10-03,-25.3,22.3
2024-10-04,-25.7,22.7
2024-10-07,-22.5,19.5
2024-10-08,-22.7,19.7
2024-10-09,-102.8,90.8
2024-10-10,-22.7,19.7
2024-10-11,0.0,0.0
2024-10-14,-26.5,23.5
2024-10-15,-24.0,21.0
2024-10-16,-78.6,69.6
2024-10-17,-26.0,23.0
2024-10-18,-23.4,20.4
2024-10-21,-26.5,23.5
2024-10-22,-28.0,25.0
2024-10-23,-87.0,78.0
2024-10-24,-24.1,21.1
2024-10-25,-27.6,24.6
2024-10-28,-24.1,21.1
2024-10-29,-27.1,24.1
2024-10-30,-98.0,86.0
2024-10-31,-24.5,21.5
2024-11-01,0.0,0.0
2024-11-04,-24.5,21.5
2024-11-05,-23.5,20.5
2024-11-06,-104.4,92.4
2024-11-07,0.0,0.0
2024-11-08,-23.1,20.1
2024-11-11,-25.6,22.6
2024-11-12,-25.6,22.6
2024-11-13,-63.0,51.0
2024-11-14,-26.5,23.5
2024-11-15,-23.1,20.1
2024-11-18,-23.1,20.1
2024-11-19,-22.2,19.2
2024-11-20,-72.0,60.0
2024-11-21,-20.1,17.1
2024-11-22,-20.1,17.1
2024-11-25,-41.2,34.2
2024-11-26,0.0,0.0
2024-11-27,-60.9,50.4
2024-11-28,-19.8,16.8
2024-11-29,-19.8,16.8
2024-12-02,-19.8,16.8
2024-12-03,-19.8,16.8
2024-12-04,-60.9,50.4
2024-12-05,-19.8,16.8
2024-12-06,-19.8,16.8
2024-12-09,-19.8,16.8
2024-12-10,-21.8,18.8
2024-12-11,-60.9,50.4
2024-12-12,-19.8,16.8
2024-12-13,-21.7,18.7
2024-12-16,-21.9,18.9
2024-12-17,-21.4,18.4
2024-12-18,-64.2,53.7
2024-12-19,-21.0,18.0
2024-12-20,-43.0,36.0
2024-12-23,0.0,0.0
2024-12-24,-22.0,19.0
2024-12-25,-64.5,54.0
2024-12-26,-149.1,124.6
2024-12-27,-23.9,20.9
2024-12-30,0.0,0.0
2024-12-31,0.0,0.0
2025-01-02,0.0,0.0
2025-01-03,-21.3,18.3
2025-01-06,-21.4,18.4
2025-01-07,-21.6,18.4
2025-01-08,-90.4,74.4
2025-01-09,-21.3,18.3
2025-01-10,0.0,0.0
2025-01-13,-21.8,18.3
2025-01-14,-21.6,18.6
2025-01-15,-87.2,73.2
2025-01-16,0.0,0.0
2025-01-17,-20.0,16.5
2025-01-20,-19.5,16.5
2025-01-21,-19.5,16.5
2025-01-22,-65.1,56.1
2025-01-23,-21.5,17.5
2025-01-24,-20.8,17.8
2025-01-27,-19.4,16.4
2025-01-28,-19.4,16.4
2025-01-29,-62.7,51.9
2025-01-30,-20.3,17.3
2025-01-31,-21.0,18.0
2025-02-03,-20.8,17.8
2025-02-04,-20.4,17.4
2025-02-05,-66.3,49.8
2025-02-06,-40.2,33.2
2025-02-07,-19.5,16.5
2025-02-10,0.0,0.0
2025-02-11,-19.5,16.5
2025-02-12,-80.0,66.0
2025-02-13,0.0,0.0
2025-02-14,-19.3,15.8
2025-02-17,-18.8,15.8
2025-02-18,-19.4,16.4
2025-02-19,-78.0,64.0
2025-02-20,-19.0,16.0
2025-02-21,0.0,0.0
2025-02-24,-19.5,16.0
2025-02-25,-19.0,16.0
2025-02-26,-58.5,48.0
2025-02-27,-19.0,16.0
2025-02-28,-19.0,16.0
2025-03-03,-19.2,16.2
2025-03-04,-19.4,16.4
2025-03-05,-59.7,49.2
2025-03-06,-19.3,16.3
2025-03-07,-19.8,16.3
2025-03-10,-19.5,15.5
2025-03-11,-19.0,16.0
2025-03-12,-58.5,48.0
2025-03-13,-18.5,15.5
2025-03-14,-18.5,15.5
2025-03-17,-38.0,31.0
2025-03-18,-55.5,46.5
2025-03-19,0.0,0.0
2025-03-20,-19.0,15.5
2025-03-21,-18.5,15.5
2025-03-24,-19.2,16.2
2025-03-25,-19.5,16.0
2025-03-26,-58.5,48.0
2025-03-27,-19.3,16.3
2025-03-28,-19.8,15.8
2025-03-31,-19.0,16.0
2025-04-01,-19.4,15.9
2025-04-02,-58.2,47.7
2025-04-03,-18.9,15.9
2025-04-04,-18.9,15.9
2025-04-07,-19.1,16.1
2025-04-08,-18.9,15.9
2025-04-09,-57.3,46.8
2025-04-10,-18.5,15.5
2025-04-11,-18.6,15.6
2025-04-14,-18.5,15.5
2025-04-15,-19.0,15.5
2025-04-16,-57.0,46.5
2025-04-17,-18.3,15.3
2025-04-18,-18.0,15.0
2025-04-21,-18.5,15.0
2025-04-22,-18.0,15.0
2025-04-23,-55.5,45.0
2025-04-24,-37.0,30.0
2025-04-25,-18.0,15.0
2025-04-28,0.0,0.0
2025-04-29,-18.6,15.1
2025-04-30,-90.5,75.5
2025-05-01,-18.8,15.8
2025-05-02,0.0,0.0
2025-05-05,0.0,0.0
2025-05-06,-18.6,15.1
2025-05-07,-55.8,45.3
2025-05-08,-18.8,15.8
2025-05-09,-19.3,15.8
2025-05-12,-19.1,16.1
2025-05-13,-18.8,15.3
2025-05-14,-57.3,45.9
2025-05-15,-18.3,15.3
2025-05-16,-18.3,15.3
2025-05-19,-19.1,15.6
2025-05-20,-18.5,15.5
2025-05-21,-74.0,60.0
2025-05-22,0.0,0.0
2025-05-23,-19.0,15.5
2025-05-26,-18.5,15.5
2025-05-27,-18.5,15.5
2025-05-28,-57.3,46.8
2025-05-29,-19.0,15.5
2025-05-30,-18.5,15.5
2025-06-02,-18.8,15.3
2025-06-03,-18.3,15.3
2025-06-04,-54.9,45.9
2025-06-05,-18.3,15.3
2025-06-06,-18.4,15.4
2025-06-09,-18.7,15.2
2025-06-10,-18.2,15.2
2025-06-11,-54.6,45.6
2025-06-12,-18.2,15.2
2025-06-13,-18.2,15.2
2025-06-16,-37.4,30.4
2025-06-17,0.0,0.0
2025-06-18,-54.6,45.6
2025-06-19,-18.7,15.7
2025-06-20,-18.8,15.8
2025-06-23,-18.2,15.2
2025-06-24,-18.7,15.2
2025-06-25,-54.6,45.6
2025-06-26,-18.2,15.2
2025-06-27,-18.2,15.2
2025-06-30,-18.7,15.2
2025-07-01,-70.8,58.8
2025-07-02,0.0,0.0
2025-07-03,-18.9,15.4
2025-07-04,-18.4,15.4
2025-07-07,-18.7,15.7
2025-07-08,-18.7,15.7
2025-07-09,-57.3,48.3
2025-07-10,-19.5,16.0
2025-07-11,-19.1,16.1
2025-07-14,-19.5,16.0
2025-07-15,-19.2,16.2
2025-07-16,-76.4,64.4
2025-07-17,-19.2,16.2
2025-07-18,0.0,0.0
2025-07-21,-18.6,15.6
2025-07-22,-18.7,15.7
2025-07-23,-57.6,47.1
2025-07-24,-18.5,15.5
2025-07-25,-18.7,15.7
2025-07-28,-19.0,16.0
2025-07-29,-19.0,16.0
2025-07-30,-57.6,48.6
2025-07-31,-19.6,16.1
2025-08-01,-18.8,15.8
2025-08-04,-18.8,15.8
2025-08-05,-18.6,15.6
2025-08-06,-74.0,62.0
2025-08-07,-18.5,15.5
2025-08-08,0.0,0.0
2025-08-11,-19.4,15.9
2025-08-12,-18.5,15.5
2025-08-13,-57.6,47.1
2025-08-14,-18.9,15.9
2025-08-15,-18.6,15.6
2025-08-18,-18.6,15.6
2025-08-19,-18.6,15.6
2025-08-20,-57.3,46.8
2025-08-21,-18.9,15.9
2025-08-22,-18.7,15.7
2025-08-25,-18.9,15.9
2025-08-26,-18.7,15.7
2025-08-27,-74.4,62.4
2025-08-28,0.0,0.0
2025-08-29,-18.6,15.1
2025-09-01,-18.6,15.6
2025-09-02,-18.9,15.9
2025-09-03,-55.8,46.8
2025-09-04,-19.1,16.1
2025-09-05,-19.1,15.6
2025-09-08,-18.6,15.6
2025-09-09,-18.7,15.2
2025-09-10,-76.8,62.8
2025-09-11,-18.6,15.6
2025-09-12,0.0,0.0
2025-09-15,-18.7,15.7
2025-09-16,-19.4,15.9
2025-09-17,-54.9,44.4
2025-09-18,-36.6,30.6
2025-09-19,-17.8,14.8
2025-09-22,0.0,0.0
2025-09-23,-18.3,14.8
2025-09-24,-56.4,45.9
2025-09-25,-19.1,15.6
2025-09-26,-18.7,15.7
2025-09-29,-19.3,15.3
2025-09-30,-18.4,14.9
2025-10-01,-55.8,45.3
2025-10-02,-18.0,15.0
2025-10-03,-18.1,15.1
2025-10-06,-18.4,15.4
2025-10-07,-18.7,15.7
2025-10-08,-74.8,62.8
2025-10-09,-19.2,15.7
2025-10-10,0.0,0.0
2025-10-13,-19.4,16.4
2025-10-14,-19.2,16.2
2025-10-15,-54.6,45.6
2025-10-16,-18.4,15.4
2025-10-17,-18.0,15.0
2025-10-20,-18.0,15.0
2025-10-21,-18.6,15.6
2025-10-22,-55.8,46.8
2025-10-23,-19.0,16.0
2025-10-24,-19.5,16.5
2025-10-27,-20.1,16.6
2025-10-28,-20.1,16.6
2025-10-29,-73.2,61.2
2025-10-30,-20.5,17.0
2025-10-31,0.0,0.0
2025-11-03,-20.0,17.0
2025-11-04,-19.6,16.1
2025-11-05,-57.3,46.8
2025-11-06,-37.4,30.4
2025-11-07,0.0,0.0
2025-11-10,-18.7,15.7
2025-11-11,-18.5,15.5
2025-11-12,-55.2,46.2
2025-11-13,-19.1,15.6
2025-11-14,-18.7,15.7
2025-11-17,-18.6,15.6
2025-11-18,-18.4,15.4
2025-11-19,-73.6,61.6
2025-11-20,-19.0,15.5
2025-11-21,0.0,0.0
2025-11-24,-38.6,32.6
2025-11-25,0.0,0.0
2025-11-26,-57.9,48.9
2025-11-27,-19.2,16.2
2025-11-28,-19.0,16.0
2025-12-01,-18.3,15.3
2025-12-02,-18.3,15.3
2025-12-03,-54.0,45.0
2025-12-04,-17.7,14.7
2025-12-05,-18.2,15.2
2025-12-08,-18.2,15.2
2025-12-09,-18.7,15.7
2025-12-10,-55.5,45.0
2025-12-11,-18.1,15.1
2025-12-12,-18.0,15.0
2025-12-15,-18.0,14.5
2025-12-16,-16.7,13.7
2025-12-17,-50.4,41.4
2025-12-18,-17.1,14.1
2025-12-19,-17.0,14.0
2025-12-22,-36.2,29.2
2025-12-23,0.0,0.0
2025-12-24,-49.8,39.3
2025-12-25,-16.0,13.0
2025-12-26,-96.0,78.0
2025-12-29,-17.0,13.5
2025-12-30,0.0,0.0
2025-12-31,0.0,0.0
2026-01-02,-18.5,15.5
2026-01-05,-17.3,13.8
2026-01-06,-16.3,13.3
2026-01-07,-64.0,52.0
2026-01-08,-17.1,14.1
2026-01-09,0.0,0.0
2026-01-12,-17.1,14.1
2026-01-13,-17.5,14.5
2026-01-14,-72.4,58.4
2026-01-15,0.0,0.0
2026-01-16,-17.5,14.5
2026-01-19,-16.8,13.8
2026-01-20,-16.5,13.0
2026-01-21,-50.4,39.9
2026-01-22,-15.7,12.7
2026-01-23,-16.0,13.0
2026-01-26,-15.4,11.9
2026-01-27,-14.7,11.7
2026-01-28,-44.4,35.4
2026-01-29,-14.8,11.8
2026-01-30,-15.7,12.7
2026-02-02,-16.5,13.0
2026-02-03,-16.0,13.0
2026-02-04,-51.0,40.5
2026-02-05,-17.0,13.5
2026-02-06,-33.2,27.2
2026-02-09,-16.1,12.6
2026-02-10,0.0,0.0
2026-02-11,-62.0,48.0
2026-02-12,0.0,0.0
2026-02-13,-15.1,11.6
2026-02-16,-14.6,11.6
2026-02-17,-15.1,11.6
2026-02-18,-56.0,44.0
2026-02-19,-15.0,12.0
2026-02-20,0.0,0.0
2026-02-23,-15.0,12.0
2026-02-24,-15.8,12.8
2026-02-25,-47.4,38.4
2026-02-26,-16.7,13.2
2026-02-27,-16.1,13.1
2026-03-02,-16.3,13.3
2026-03-03,-16.5,13.5
2026-03-04,-51.6,41.1
2026-03-05,-15.9,12.9
2026-03-06,-16.3,13.3
2026-03-09,-16.5,13.5
2026-03-10,-16.3,13.3
2026-03-11,-48.6,39.6
2026-03-12,-16.7,13.2
2026-03-13,-16.4,13.4
2026-03-16,-16.9,13.4
2026-03-17,-65.6,53.6
2026-03-18,-16.3,13.3
2026-03-19,0.0,0.0
2026-03-20,-16.2,13.2
2026-03-23,-16.5,13.5
2026-03-24,-16.3,13.3
2026-03-25,-48.9,39.9
2026-03-26,-17.0,13.5
2026-03-27,-16.5,13.5
2026-03-30,-19.6,16.1
2026-03-31,-15.6,12.6
2026-04-01,-46.2,37.2
2026-04-02,-16.2,13.2
2026-04-03,-17.2,14.2
2026-04-06,-17.3,13.8
2026-04-07,-17.1,14.1
2026-04-08,-51.0,40.5
2026-04-09,-16.3,13.3
2026-04-10,-17.0,14.0
2026-04-13,-17.5,14.5
2026-04-14,-16.7,13.2
2026-04-15,-48.0,39.0
2026-04-16,-16.2,13.2
2026-04-17,-16.0,13.0
2026-04-20,-15.5,12.5
2026-04-21,-16.2,13.2
2026-04-22,-51.0,42.0
2026-04-23,-18.0,14.5
2026-04-24,-34.0,28.0
2026-04-27,-17.5,14.0
2026-04-28,0.0,0.0
2026-04-29,-105.6,87.6
2026-04-30,-16.9,13.4
2026-05-01,0.0,0.0
2026-05-04,0.0,0.0
2026-05-05,0.0,0.0
2026-05-06,-48.3,37.8
2026-05-07,-16.0,13.0
2026-05-08,-16.0,13.0
2026-05-11,-16.2,13.2
2026-05-12,-16.2,13.2
2026-05-13,-48.9,39.9
2026-05-14,-16.6,13.1
2026-05-15,-17.4,14.4
2026-05-18,-17.5,14.5
2026-05-19,-17.0,14.0
2026-05-20,-69.6,57.6
2026-05-21,0.0,0.0
2026-05-22,-17.5,14.5
2026-05-25,-17.5,14.0
2026-05-26,-17.2,14.2
2026-05-27,-52.2,43.2
2026-05-28,-18.5,15.0
2026-05-29,-18.0,15.0
2026-06-01,-17.7,14.7
2026-06-02,-16.4,13.4
2026-06-03,-55.5,46.5
2026-06-04,-18.5,15.0
2026-06-05,-18.5,15.5
2026-06-08,-18.5,15.0
2026-06-09,-18.0,15.0
2026-06-10,-55.5,46.5
2026-06-11,-19.0,15.5
2026-06-12,-18.5,15.5
2026-06-15,-18.5,15.5
2026-06-16,-72.0,60.0
2026-06-17,0.0,0.0
2026-06-18,-18.8,15.8
2026-06-19,-18.7,15.7
2026-06-22,-18.7,15.7
2026-06-23,-18.7,15.7
2026-06-24,-56.1,47.1
2026-06-25,-16.9,13.9
2026-06-26,-18.8,15.8
2026-06-29,-19.0,16.0
2026-06-30,-18.6,15.6
2026-07-01,-61.5,52.5
2026-07-02,-21.0,17.5
2026-07-03,-18.1,15.1
2026-07-06,-18.2,15.2
2026-07-07,-19.0,16.0
2026-07-08,-57.0,48.0
2026-07-09,-19.1,16.1
2026-07-10,-19.2,16.2
2026-07-13,-18.1,15.1
2026-07-14,-18.3,15.3
2026-07-15,-76.0,64.0
2026-07-16,-19.5,16.0
2026-07-17,0.0,0.0
2026-07-20,-18.1,15.1
2026-07-21,-18.6,15.6
2026-07-22,-57.0,48.0
2026-07-23,-19.5,16.0
2026-07-24,-19.0,16.0
2026-07-27,-19.0,16.0
2026-07-28,-19.0,16.0
2026-07-29,-58.8,48.3
2026-07-30,-18.1,14.6
2026-07-31,-16.0,13.0
2026-08-03,-16.0,13.0
2026-08-04,-14.5,11.5
2026-08-05,-42.0,33.0
2026-08-06,-30.4,24.4
2026-08-07,-15.0,11.5
2026-08-10,0.0,0.0
