date,short_per10000,long_per10000,roll_days
2019-01-02,0,0,0
2019-01-03,0,0,0
2019-01-04,-99,74,1
2019-01-07,-96,71,1
2019-01-08,-95,70,1
2019-01-09,-93,68,1
2019-01-10,-345,299,4
2019-01-11,-98,73,1
2019-01-14,0,0,0
2019-01-15,-103,78,1
2019-01-16,-101,76,1
2019-01-17,-369,323,4
2019-01-18,0,0,0
2019-01-21,-99,74,1
2019-01-22,-95,70,1
2019-01-23,-99,74,1
2019-01-24,-273,234,3
2019-01-25,-97,72,1
2019-01-28,-98,73,1
2019-01-29,-95,70,1
2019-01-30,-96,71,1
2019-01-31,-270,231,3
2019-02-01,-94,69,1
2019-02-04,-98,73,1
2019-02-05,-91,66,1
2019-02-06,-91,66,1
2019-02-07,-341,295,4
2019-02-08,-97,72,1
2019-02-11,0,0,0
2019-02-12,-97,72,1
2019-02-13,-93,68,1
2019-02-14,-345,299,4
2019-02-15,0,0,0
2019-02-18,-94,69,1
2019-02-19,-93,68,1
2019-02-20,-94,69,1
2019-02-21,-261,222.00000000000003,3
2019-02-22,-92,67,1
2019-02-25,-96,71,1
2019-02-26,-94,69,1
2019-02-27,-95,70,1
2019-02-28,-267,227.99999999999997,3
2019-03-01,-94,69,1
2019-03-04,-90,65,1
2019-03-05,-93,68,1
2019-03-06,-93,68,1
2019-03-07,-258,219,3
2019-03-08,-94,69,1
2019-03-11,-94,69,1
2019-03-12,-94,69,1
2019-03-13,-94,69,1
2019-03-14,-264,225,3
2019-03-15,-96,71,1
2019-03-18,-98,73,1
2019-03-19,-193,161,2
2019-03-20,-279,240,3
2019-03-21,0,0,0
2019-03-22,-101,76,1
2019-03-25,-96,71,1
2019-03-26,-96,71,1
2019-03-27,-99,74,1
2019-03-28,-413.99999999999994,375,3
2019-03-29,-103,78,1
2019-04-01,-101,76,1
2019-04-02,-98,73,1
2019-04-03,-98,73,1
2019-04-04,-267,227.99999999999997,3
2019-04-05,-96,71,1
2019-04-08,-98,73,1
2019-04-09,-99,74,1
2019-04-10,-101,76,1
2019-04-11,-267,227.99999999999997,3
2019-04-12,-97,72,1
2019-04-15,-97,72,1
2019-04-16,-95,70,1
2019-04-17,-95,70,1
2019-04-18,-273,234,3
2019-04-19,-97,72,1
2019-04-22,-122,97,1
2019-04-23,-105,80,1
2019-04-24,-103,78,1
2019-04-25,-1021.0000000000001,969.9999999999999,11
2019-04-26,-108,83,1
2019-04-29,0,0,0
2019-04-30,0,0,0
2019-05-01,0,0,0
2019-05-02,0,0,0
2019-05-03,0,0,0
2019-05-06,0,0,0
2019-05-07,-101,76,1
2019-05-08,-95,70,1
2019-05-09,-261,222.00000000000003,3
2019-05-10,-91,66,1
2019-05-13,-92,67,1
2019-05-14,-95,70,1
2019-05-15,-94,69,1
2019-05-16,-258,219,3
2019-05-17,-94,69,1
2019-05-20,-95,70,1
2019-05-21,-95,70,1
2019-05-22,-94,69,1
2019-05-23,-357,311,4
2019-05-24,0,0,0
2019-05-27,-98,73,1
2019-05-28,-94,69,1
2019-05-29,-94,69,1
2019-05-30,-267,227.99999999999997,3
2019-05-31,-97,72,1
2019-06-03,-94,69,1
2019-06-04,-93,68,1
2019-06-05,-90,65,1
2019-06-06,-246,206.99999999999997,3
2019-06-07,-93,68,1
2019-06-10,-95,70,1
2019-06-11,-94,69,1
2019-06-12,-92,67,1
2019-06-13,-249.00000000000003,210,3
2019-06-14,-96,71,1
2019-06-17,-94,69,1
2019-06-18,-92,67,1
2019-06-19,-90,65,1
2019-06-20,-254.99999999999997,216,3
2019-06-21,-94,69,1
2019-06-24,-92,67,1
2019-06-25,-90,65,1
2019-06-26,-95,70,1
2019-06-27,-426,387,3
2019-06-28,-110.00000000000001,85,1
2019-07-01,-114.99999999999999,90,1
2019-07-02,-189,157,2
2019-07-03,0,0,0
2019-07-04,-270,231,3
2019-07-05,-96,71,1
2019-07-08,-108,83,1
2019-07-09,-106,81,1
2019-07-10,-96,71,1
2019-07-11,-365,319,4
2019-07-12,-102,77,1
2019-07-15,0,0,0
2019-07-16,-108,83,1
2019-07-17,-92,67,1
2019-07-18,-264,225,3
2019-07-19,-98,73,1
2019-07-22,-94,69,1
2019-07-23,-92,67,1
2019-07-24,-91,66,1
2019-07-25,-252,213,3
2019-07-26,-93,68,1
2019-07-29,-93,68,1
2019-07-30,-112.00000000000001,87,1
2019-07-31,-97,72,1
2019-08-01,-249.00000000000003,210,3
2019-08-02,-88,63,1
2019-08-05,-90,65,1
2019-08-06,-86,61,1
2019-08-07,-83,57.99999999999999,1
2019-08-08,-285,239,4
2019-08-09,-85,60,1
2019-08-12,0,0,0
2019-08-13,-88,63,1
2019-08-14,-81,56.00000000000001,1
2019-08-15,-234,195,3
2019-08-16,-85,60,1
2019-08-19,-80,55.00000000000001,1
2019-08-20,-80,55.00000000000001,1
2019-08-21,-77,52,1
2019-08-22,-213,174,3
2019-08-23,-80,55.00000000000001,1
2019-08-26,-80,55.00000000000001,1
2019-08-27,-81,56.00000000000001,1
2019-08-28,-79,54,1
2019-08-29,-317,271,4
2019-08-30,0,0,0
2019-09-02,-83,57.99999999999999,1
2019-09-03,-80,55.00000000000001,1
2019-09-04,-80,55.00000000000001,1
2019-09-05,-222.00000000000003,183,3
2019-09-06,-81,56.00000000000001,1
2019-09-09,-81,56.00000000000001,1
2019-09-10,-82,56.99999999999999,1
2019-09-11,-81,56.00000000000001,1
2019-09-12,-281,235,4
2019-09-13,-82,56.99999999999999,1
2019-09-16,0,0,0
2019-09-17,-87,62,1
2019-09-18,-100,75,1
2019-09-19,-349,303,4
2019-09-20,-118,93,1
2019-09-23,0,0,0
2019-09-24,-100,75,1
2019-09-25,-88,63,1
2019-09-26,-227.99999999999997,189,3
2019-09-27,-169,140,1
2019-09-30,-92,67,1
2019-10-01,-84,59,1
2019-10-02,-84,59,1
2019-10-03,-213,174,3
2019-10-04,-78,53,1
2019-10-07,-79,54,1
2019-10-08,-75,50,1
2019-10-09,-77,52,1
2019-10-10,-281,235,4
2019-10-11,-81,56.00000000000001,1
2019-10-14,0,0,0
2019-10-15,-81,56.00000000000001,1
2019-10-16,-78,53,1
2019-10-17,-213,174,3
2019-10-18,-157,125,2
2019-10-21,-87,62,1
2019-10-22,0,0,0
2019-10-23,-85,60,1
2019-10-24,-213,174,3
2019-10-25,-79,54,1
2019-10-28,-81,56.00000000000001,1
2019-10-29,-80,55.00000000000001,1
2019-10-30,-93,68,1
2019-10-31,-277,231,4
2019-11-01,-75,50,1
2019-11-04,0,0,0
2019-11-05,-70,45,1
2019-11-06,-67,42,1
2019-11-07,-237,191,4
2019-11-08,0,0,0
2019-11-11,-70,45,1
2019-11-12,-67,42,1
2019-11-13,-66,41,1
2019-11-14,-177,138,3
2019-11-15,-67,42,1
2019-11-18,-67,42,1
2019-11-19,-68,43,1
2019-11-20,-63,38,1
2019-11-21,-174,135,3
2019-11-22,-65,40,1
2019-11-25,-65,40,1
2019-11-26,-117,85,2
2019-11-27,0,0,0
2019-11-28,-183,144,3
2019-11-29,-67,42,1
2019-12-04,-65,40,1
2019-12-05,-168,129,3
2019-12-06,-65,40,1
2019-12-09,-66,41,1
2019-12-10,-66,41,1
2019-12-11,-64,39,1
2019-12-12,-165,126,3
2019-12-13,-65,40,1
2019-12-16,-66,41,1
2019-12-17,-63,38,1
2019-12-18,-63,38,1
2019-12-19,-168,129,3
2019-12-20,-65,40,1
2019-12-23,-119,87,2
2019-12-24,0,0,0
2019-12-25,-64,39,1
2019-12-26,-339,300,3
2019-12-27,-1297,915,7
2019-12-30,-91,52,1
2019-12-31,0,0,0
2020-01-02,0,0,0
2020-01-03,0,0,0
2020-01-06,-72,47,1
2020-01-07,-72,47,1
2020-01-08,-66,41,1
2020-01-09,-233,187,4
2020-01-10,-75,50,1
2020-01-13,0,0,0
2020-01-14,-70,45,1
2020-01-15,-67,42,1
2020-01-16,-233,187,4
2020-01-17,0,0,0
2020-01-20,-68,43,1
2020-01-21,-68,43,1
2020-01-22,-67,42,1
2020-01-23,-180,141,3
2020-01-24,-66,41,1
2020-01-27,-67,42,1
2020-01-28,-68,43,1
2020-01-29,-68,43,1
2020-01-30,-186,147,3
2020-01-31,-68,43,1
2020-02-03,-68,43,1
2020-02-04,-70,45,1
2020-02-05,-68,43,1
2020-02-06,-177,138,3
2020-02-07,-131,99,2
2020-02-10,-69,44,1
2020-02-11,0,0,0
2020-02-12,-71,46,1
2020-02-13,-249.00000000000003,202.99999999999997,4
2020-02-14,0,0,0
2020-02-17,-72,47,1
2020-02-18,-68,43,1
2020-02-19,-71,46,1
2020-02-20,-252.99999999999997,206.99999999999997,4
2020-02-21,-73,48,1
2020-02-24,0,0,0
2020-02-24,0,0,0
2020-02-25,-73,48,1
2020-02-26,-68,43,1
2020-02-27,-189,150,3
2020-02-28,-73,48,1
2020-03-02,-77,52,1
2020-03-03,-71,46,1
2020-03-04,-56.00000000000001,31,1
2020-03-05,-159,120,3
2020-03-06,-64,39,1
2020-03-09,-64,39,1
2020-03-10,-57.99999999999999,35,1
2020-03-11,-55.00000000000001,30,1
2020-03-12,-132,93,3
2020-03-13,-72,47,1
2020-03-16,-85,60,1
2020-03-17,-112.99999999999999,88,1
2020-03-18,-425,379,4
2020-03-19,-106,57.99999999999999,1
2020-03-20,0,0,0
2020-03-24,-96,38,1
2020-03-25,-89,31,1
2020-03-26,-105,-33,3
2020-03-27,-68,30,1
2020-03-30,-325,217,1
2020-03-31,-47,19,1
2020-04-01,-26,4,1
2020-04-02,-39,12,3
2020-04-03,-24,1,1
2020-04-06,-21,-3,1
2020-04-07,-26,0,1
2020-04-08,-18,-5,1
2020-04-09,-42,9,3
2020-04-10,-30,7.000000000000001,1
2020-04-13,-47,9,1
2020-04-14,-41,3,1
2020-04-15,-24,-4,1
2020-04-16,-45,-3,3
2020-04-17,-23,-5,1
2020-04-20,-24,-4,1
2020-04-21,-25,-3,1
2020-04-22,-22,-6,1
2020-04-23,-48,0,3
2020-04-24,-22,-6,1
2020-04-27,-33,-5,2
2020-04-28,-25,-3,1
2020-04-29,0,0,0
2020-04-30,-117,9,6
2020-05-01,-24,-9,1
2020-05-04,0,0,0
2020-05-05,0,0,0
2020-05-06,0,0,0
2020-05-07,-66,3,3
2020-05-08,-28.999999999999996,-4,1
2020-05-11,-24,-9,1
2020-05-12,-25,-8,1
2020-05-13,-25,-8,1
2020-05-14,-56.99999999999999,-6,3
2020-05-15,-26,-7.000000000000001,1
2020-05-18,-26,-7.000000000000001,1
2020-05-19,-30,-3,1
2020-05-20,-25,-8,1
2020-05-21,-61,-17,4
2020-05-22,0,0,0
2020-05-25,-24,-9,1
2020-05-26,-22,-11,1
2020-05-27,-24,-9,1
2020-05-28,-63,0,3
2020-05-29,-27,-6,1
2020-06-01,-26,-7.000000000000001,1
2020-06-02,-23,-10,1
2020-06-03,-24,-9,1
2020-06-04,-54,-9,3
2020-06-05,-24,-9,1
2020-06-08,-23,-10,1
2020-06-09,-23,-10,1
2020-06-10,-23,-10,1
2020-06-11,-51,-12,3
2020-06-12,-23,-10,1
2020-06-15,-24,-9,1
2020-06-16,-25,-8,1
2020-06-17,-26,-7.000000000000001,1
2020-06-18,-56.99999999999999,-6,3
2020-06-19,-25,-8,1
2020-06-22,-27,-6,1
2020-06-23,-27,-6,1
2020-06-24,-24,-9,1
2020-06-25,-51,-12,3
2020-06-26,-25,-8,1
2020-06-29,-60,27,1
2020-06-30,-26,-7.000000000000001,1
2020-07-01,-28.999999999999996,-4,1
2020-07-02,-66,3,3
2020-07-03,-27,-6,1
2020-07-06,-28.999999999999996,-4,1
2020-07-07,-28.000000000000004,-5,1
2020-07-08,-28.999999999999996,-4,1
2020-07-09,-66,3,3
2020-07-10,-28.999999999999996,-4,1
2020-07-13,-48,15,1
2020-07-14,-43,10,1
2020-07-15,-26,-7.000000000000001,1
2020-07-16,-51,-12,3
2020-07-17,-24,-9,1
2020-07-20,-26,-7.000000000000001,1
2020-07-21,-69,36,5
2020-07-22,-30,-3,1
2020-07-23,0,0,0
2020-07-24,0,0,0
2020-07-27,-24,-9,1
2020-07-28,-26,-7.000000000000001,1
2020-07-29,-26,-7.000000000000001,1
2020-07-30,-60,-3,3
2020-07-31,-27,-6,1
2020-08-03,-26,-7.000000000000001,1
2020-08-04,-24,-9,1
2020-08-05,-24,-9,1
2020-08-06,-69,-9,4
2020-08-07,-26,-7.000000000000001,1
2020-08-11,-25,-8,1
2020-08-12,-23,-10,1
2020-08-13,-51,-3,3
2020-08-14,-27,-3,1
2020-08-17,-23,-7.000000000000001,1
2020-08-18,-27,-3,1
2020-08-19,-23,-7.000000000000001,1
2020-08-20,-51,-3,3
2020-08-21,-23,-7.000000000000001,1
2020-08-24,-22,-8,1
2020-08-25,-22,-8,1
2020-08-26,-22,-8,1
2020-08-27,-48,-6,3
2020-08-28,-27,-3,1
2020-08-31,-25,-5,1
2020-09-01,-23,-7.000000000000001,1
2020-09-02,-26,-4,1
2020-09-03,-73,7.000000000000001,4
2020-09-04,0,0,0
2020-09-07,-26,-4,1
2020-09-08,-26,-4,1
2020-09-09,-25,-5,1
2020-09-10,-60,6,3
2020-09-11,-25,-5,1
2020-09-14,-28.000000000000004,-2,1
2020-09-15,-24,-6,1
2020-09-16,-23,-7.000000000000001,1
2020-09-17,-84,6,5
2020-09-18,-25,-5,1
2020-09-21,0,0,0
2020-09-22,0,0,0
2020-09-23,-27,-3,1
2020-09-24,-51,-3,3
2020-09-25,-22,-8,1
2020-09-28,-22,-8,1
2020-09-28,-22,-8,1
2020-09-29,-34,4,1
2020-09-30,-24,-6,1
2020-10-01,-60,6,3
2020-10-02,-25,-5,1
2020-10-05,-24,-6,1
2020-10-06,-24,-6,1
2020-10-07,-22,-8,1
2020-10-08,-69,3,4
2020-10-09,0,0,0
2020-10-12,-26,-4,1
2020-10-13,-23,-7.000000000000001,1
2020-10-14,-24,-6,1
2020-10-15,-60,6,3
2020-10-16,-25,-5,1
2020-10-19,-23,-7.000000000000001,1
2020-10-20,-25,-5,1
2020-10-21,-23,-7.000000000000001,1
2020-10-22,-51,-3,3
2020-10-23,-23,-7.000000000000001,1
2020-10-26,-23,-7.000000000000001,1
2020-10-27,-25,-5,1
2020-10-28,-24,-6,1
2020-10-29,-56.99999999999999,3,3
2020-10-30,-43,1,2
2020-11-02,-26,-4,1
2020-11-03,0,0,0
2020-11-04,-28.999999999999996,-1,1
2020-11-05,-54,0,3
2020-11-06,-22,-6,1
2020-11-09,-40,0,2
2020-11-10,0,0,0
2020-11-11,-25,-5,1
2020-11-12,-54,0,3
2020-11-13,-25,-5,1
2020-11-16,-24,-6,1
2020-11-17,-24,-6,1
2020-11-18,-21,-9,1
2020-11-19,-65,-1,4
2020-11-20,-23,-7.000000000000001,1
2020-11-23,0,0,0
2020-11-24,-39,-3,2
2020-11-25,0,0,0
2020-11-26,-51,-3,3
2020-11-27,-26,-4,1
2020-11-30,-24,-6,1
2020-12-01,-21,-9,1
2020-12-02,-21,-9,1
2020-12-03,-48,-6,3
2020-12-04,-24,-6,1
2020-12-07,-22,-8,1
2020-12-08,-22,-8,1
2020-12-09,-21,-9,1
2020-12-10,-48,-6,3
2020-12-11,-24,-6,1
2020-12-14,-22,-8,1
2020-12-15,-21,-9,1
2020-12-16,-18,-11,1
2020-12-17,-47,-5,3
2020-12-18,-21,-7.000000000000001,1
2020-12-21,-21,-7.000000000000001,1
2020-12-22,-22,-6,1
2020-12-23,-80,16,4
2020-12-24,0,0,0
2020-12-28,-17,-12,1
2020-12-29,-559,241,5
2020-12-30,-47,9,1
2020-12-31,0,0,0
2021-01-01,0,0,0
2021-01-04,-31,-2,1
2021-01-05,-25,-8,1
2021-01-06,-23,-10,1
2021-01-07,-68,-16,4
2021-01-08,-28.000000000000004,-7.000000000000001,1
2021-01-11,0,0,0
2021-01-12,-26,-9,1
2021-01-13,-22,-6,1
2021-01-14,-65,7.000000000000001,4
2021-01-15,0,0,0
2021-01-18,-22,-6,1
2021-01-19,-20,-8,1
2021-01-20,-24,-4,1
2021-01-21,-47,1,3
2021-01-22,-21,-5,1
2021-01-25,-26,-2,1
2021-01-26,-24,-4,1
2021-01-27,-20,-6,1
2021-01-28,-51,3,3
2021-01-29,-22,-6,1
2021-02-01,-21,-7.000000000000001,1
2021-02-02,-19,-9,1
2021-02-03,-20,-8,1
2021-02-04,-42,-6,3
2021-02-05,-23,-5,1
2021-02-08,-23,-5,1
2021-02-09,-35,-3,2
2021-02-10,-61,3,4
2021-02-11,0,0,0
2021-02-12,0,0,0
2021-02-15,-23,-5,1
2021-02-16,-24,-4,1
2021-02-17,-20,-8,1
2021-02-18,-45,-3,3
2021-02-18,-45,-3,3
2021-02-19,-37,-1,2
2021-02-22,-20,-8,1
2021-02-23,0,0,0
2021-02-24,-23,-5,1
2021-02-25,-63,15,3
2021-02-26,-24,-4,1
2021-03-01,-27,-1,1
2021-03-02,-21,-7.000000000000001,1
2021-03-03,-20,-8,1
2021-03-04,-48,0,3
2021-03-05,-23,-5,1
2021-03-08,-23,-5,1
2021-03-09,-23,-5,1
2021-03-10,-19,-9,1
2021-03-11,-42,-6,3
2021-03-12,-22,-6,1
2021-03-15,-20,-8,1
2021-03-16,-21,-7.000000000000001,1
2021-03-17,-22,-6,1
2021-03-18,-51,3,3
2021-03-19,-20,-8,1
2021-03-22,-21,-7.000000000000001,1
2021-03-23,-21,-7.000000000000001,1
2021-03-24,-20,-8,1
2021-03-25,-45,-3,3
2021-03-26,-23,-5,1
2021-03-29,-21,-7.000000000000001,1
2021-03-30,-65,37,1
2021-03-31,-32,4,1
2021-04-01,-51,3,3
2021-04-02,-50,22,1
2021-04-05,-42,14.000000000000002,1
2021-04-06,-21,-7.000000000000001,1
2021-04-06,-21,-7.000000000000001,1
2021-04-07,-22,-6,1
2021-04-08,-48,0,3
2021-04-09,-20,-8,1
2021-04-12,-21,-7.000000000000001,1
2021-04-13,-21,-7.000000000000001,1
2021-04-14,-20,-8,1
2021-04-15,-45,-3,3
2021-04-16,-23,-5,1
2021-04-19,-22,-6,1
2021-04-20,-19,-9,1
2021-04-21,-18,-10,1
2021-04-22,-39,-9,3
2021-04-23,-19,-9,1
2021-04-26,-19,-9,1
2021-04-27,-31,-7.000000000000001,2
2021-04-28,-93,15,6
2021-04-29,0,0,0
2021-04-30,-19,-9,1
2021-05-03,0,0,0
2021-05-04,0,0,0
2021-05-05,0,0,0
2021-05-06,-42,-6,3
2021-05-07,-23,-5,1
2021-05-10,-20,-8,1
2021-05-11,-21,-7.000000000000001,1
2021-05-12,-20,-8,1
2021-05-13,-42,-6,3
2021-05-14,-20,-8,1
2021-05-17,-20,-8,1
2021-05-18,-21,-7.000000000000001,1
2021-05-19,-20,-8,1
2021-05-20,-42,-6,3
2021-05-21,-21,-7.000000000000001,1
2021-05-21,-21,-7.000000000000001,1
2021-05-24,-19,-9,1
2021-05-25,-19,-9,1
2021-05-25,-19,-9,1
2021-05-26,-19,-9,1
2021-05-27,-56.99999999999999,-1,4
2021-05-28,0,0,0
2021-05-31,-22,-6,1
2021-06-01,-19,-9,1
2021-06-02,-19,-9,1
2021-06-03,-42,-6,3
2021-06-04,-19,-9,1
2021-06-07,-21,-7.000000000000001,1
2021-06-08,-19,-9,1
2021-06-09,-20,-8,1
2021-06-10,-42,-6,3
2021-06-11,-20,-8,1
2021-06-14,-19,-9,1
2021-06-15,-22,-6,1
2021-06-16,-20,-8,1
2021-06-17,-45,-3,3
2021-06-18,-24,-4,1
2021-06-21,-22,-6,1
2021-06-22,-19,-9,1
2021-06-23,-20,-8,1
2021-06-24,-42,-6,3
2021-06-25,-22,-6,1
2021-06-28,-22,-6,1
2021-06-29,-56.99999999999999,28.999999999999996,1
2021-06-30,-27,-1,1
2021-07-01,-61,3,4
2021-07-02,0,0,0
2021-07-05,-21,-7.000000000000001,1
2021-07-06,-22,-6,1
2021-07-07,-24,-4,1
2021-07-08,-48,0,3
2021-07-09,-23,-5,1
2021-07-12,-23,-5,1
2021-07-13,-22,-6,1
2021-07-14,-21,-7.000000000000001,1
2021-07-15,-42,-6,3
2021-07-16,-20,-8,1
2021-07-19,-21,-7.000000000000001,1
2021-07-20,-74,6,5
2021-07-21,-23,-5,1
2021-07-22,0,0,0
2021-07-23,0,0,0
2021-07-26,-23,-5,1
2021-07-27,-21,-7.000000000000001,1
2021-07-28,-21,-7.000000000000001,1
2021-07-29,-45,-3,3
2021-07-30,-23,-5,1
2021-08-02,-23,-5,1
2021-08-03,-21,-7.000000000000001,1
2021-08-04,-20,-8,1
2021-08-05,-53,-5,4
2021-08-06,-22,-6,1
2021-08-09,0,0,0
2021-08-10,-21,-7.000000000000001,1
2021-08-11,-20,-8,1
2021-08-12,-42,-6,3
2021-08-13,-19,-9,1
2021-08-16,-23,-5,1
2021-08-17,-21,-7.000000000000001,1
2021-08-18,-21,-7.000000000000001,1
2021-08-19,-48,0,3
2021-08-20,-22,-6,1
2021-08-23,-22,-6,1
2021-08-24,-20,-8,1
2021-08-25,-20,-8,1
2021-08-26,-45,-3,3
2021-08-27,-23,-5,1
2021-08-30,-24,-4,1
2021-08-31,-20,-8,1
2021-09-01,-20,-8,1
2021-09-02,-56.99999999999999,-1,4
2021-09-03,0,0,0
2021-09-06,-22,-6,1
2021-09-07,-19,-9,1
2021-09-08,-18,-10,1
2021-09-09,-39,-9,3
2021-09-10,-19,-9,1
2021-09-13,-21,-7.000000000000001,1
2021-09-14,-21,-7.000000000000001,1
2021-09-15,-20,-8,1
2021-09-16,-53,-5,4
2021-09-17,-21,-7.000000000000001,1
2021-09-20,0,0,0
2021-09-21,-33,-5,2
2021-09-23,0,0,0
2021-09-27,-17,-11,1
2021-09-28,-17,-11,1
2021-09-29,-36,8,1
2021-10-01,-21,-7.000000000000001,1
2021-10-04,-21,-7.000000000000001,1
2021-10-05,-21,-7.000000000000001,1
2021-10-06,-21,-7.000000000000001,1
2021-10-07,-56.99999999999999,-1,4
2021-10-08,0,0,0
2021-10-11,-23,-5,1
2021-10-12,-21,-7.000000000000001,1
2021-10-13,-20,-8,1
2021-10-14,-42,-6,3
2021-10-15,-19,-9,1
2021-10-18,-20,-8,1
2021-10-20,-20,-8,1
2021-10-21,-42,-6,3
2021-10-22,-19,-9,1
2021-10-25,-20,-8,1
2021-10-26,-20,-8,1
2021-10-27,-21,-7.000000000000001,1
2021-10-28,-48,0,3
2021-10-29,-22,-6,1
2021-11-01,-28.999999999999996,-9,2
2021-11-02,-17,-11,1
2021-11-03,0,0,0
2021-11-04,-36,-12,3
2021-11-05,-16,-12,1
2021-11-08,-15,-13,1
2021-11-09,-27,-11,2
2021-11-10,0,0,0
2021-11-11,-36,-12,3
2021-11-12,-19,-9,1
2021-11-15,-17,-11,1
2021-11-16,-16,-12,1
2021-11-17,-18,-10,1
2021-11-18,-36,-12,3
2021-11-19,-31,-7.000000000000001,2
2021-11-22,-33,-5,2
2021-11-23,0,0,0
2021-11-24,0,0,0
2021-11-25,-42,-6,3
2021-11-26,-17,-11,1
2021-11-29,-19,-9,1
2021-11-30,-19,-9,1
2021-12-01,-17,-11,1
2021-12-02,-30,-18,3
2021-12-03,-16,-12,1
2021-12-06,-18,-10,1
2021-12-07,-18,-10,1
2021-12-08,-18,-10,1
2021-12-09,-39,-9,3
2021-12-10,-21,-7.000000000000001,1
2021-12-13,-19,-9,1
2021-12-14,-20,-8,1
2021-12-15,-20,-8,1
2021-12-16,-45,-3,3
2021-12-17,-20,-8,1
2021-12-20,-21,-7.000000000000001,1
2021-12-21,-20,-8,1
2021-12-22,-20,-8,1
2021-12-23,-42,-6,3
2021-12-24,-21,-7.000000000000001,1
2021-12-27,-23,-5,1
2021-12-28,-22,-6,1
2021-12-29,-154,86,5
2021-12-30,-23,-5,1
2021-12-31,0,0,0
2022-01-03,0,0,0
2022-01-04,-21,-7.000000000000001,1
2022-01-05,-22,-8,1
2022-01-06,-57.99999999999999,-2,4
2022-01-07,-22,-6,1
2022-01-10,0,0,0
2022-01-11,-25,-3,1
2022-01-12,-22,-6,1
2022-01-13,-56.99999999999999,-1,4
2022-01-14,0,0,0
2022-01-17,-23,-5,1
2022-01-18,-24,-4,1
2022-01-19,-24,-4,1
2022-01-20,-51,3,3
2022-01-21,-22,-6,1
2022-01-24,-22,-6,1
2022-01-25,-24,-4,1
2022-01-26,-23,-5,1
2022-01-27,-45,-3,3
2022-01-28,-24,-4,1
2022-01-31,-23,-5,1
2022-02-01,-21,-7.000000000000001,1
2022-02-02,-22,-6,1
2022-02-03,-42,-6,3
2022-02-04,-22,-6,1
2022-02-07,-22,-6,1
2022-02-08,-21,-7.000000000000001,1
2022-02-09,-61,3,4
2022-02-10,-25,-3,1
2022-02-11,0,0,0
2022-02-14,-26,-2,1
2022-02-15,-21,-7.000000000000001,1
2022-02-16,-20,-8,1
2022-02-17,-56.99999999999999,-1,4
2022-02-18,0,0,0
2022-02-21,-37,-1,2
2022-02-22,-24,-4,1
2022-02-23,0,0,0
2022-02-24,-51,3,3
2022-02-25,-35,7.000000000000001,1
2022-02-28,-42,14.000000000000002,1
2022-03-01,-26,-2,1
2022-03-02,-18,-10,1
2022-03-03,-33,-15,3
2022-03-04,-24,-4,1
2022-03-07,-23,-5,1
2022-03-08,-19,-9,1
2022-03-09,-18,-10,1
2022-03-10,-36,-13,3
2022-03-11,-23,-7.000000000000001,1
2022-03-14,-21,-9,1
2022-03-15,-22,-8,1
2022-03-16,-31,1,1
2022-03-17,-90,30,4
2022-03-18,-32,2,1
2022-03-21,0,0,0
2022-03-22,-33,3,1
2022-03-23,-33,3,1
2022-03-24,-82,32,3
2022-03-25,-36,6,1
2022-03-28,-41,11,1
2022-03-29,-35,5,1
2022-03-30,-49,19,1
2022-03-31,-85,35,3
2022-04-01,-34,4,1
2022-04-04,-32,2,1
2022-04-05,-34,4,1
2022-04-06,-32,2,1
2022-04-07,-79,28.999999999999996,3
2022-04-08,-36,6,1
2022-04-11,-39,9,1
2022-04-12,-36,6,1
2022-04-13,-32,2,1
2022-04-14,-76,26,3
2022-04-15,-40,10,1
2022-04-18,-40,10,1
2022-04-19,-30,0,1
2022-04-20,-35,3,1
2022-04-21,-85,35,3
2022-04-22,-36,4,1
2022-04-25,-35,3,1
2022-04-26,-36,4,1
2022-04-27,-126,66,4
2022-04-28,-147,85,4
2022-04-29,0,0,0
2022-05-02,-149,97,3
2022-05-03,0,0,0
2022-05-04,0,0,0
2022-05-05,0,0,0
2022-05-06,-57.99999999999999,26,1
2022-05-09,-54,22,1
2022-05-10,-53,21,1
2022-05-11,-55.00000000000001,23,1
2022-05-12,-134,82,3
2022-05-13,-55.00000000000001,23,1
2022-05-16,-52,20,1
2022-05-17,-50,18,1
2022-05-18,-50,18,1
2022-05-19,-131,79,3
2022-05-20,-50,20,1
2022-05-23,-51,21,1
2022-05-24,-50,20,1
2022-05-25,-52,22,1
2022-05-26,-178,118,4
2022-05-27,0,0,0
2022-05-30,-60,30,1
2022-05-31,-54,24,1
2022-06-01,-52,20,1
2022-06-02,-131,79,3
2022-06-03,-55.00000000000001,23,1
2022-06-06,-54,22,1
2022-06-07,-55.00000000000001,23,1
2022-06-08,-52,20,1
2022-06-09,-140,88,3
2022-06-10,-55.00000000000001,23,1
2022-06-13,-55.00000000000001,23,1
2022-06-14,-56.00000000000001,24,1
2022-06-15,-89,56.99999999999999,1
2022-06-16,-311,249.00000000000003,4
2022-06-17,0,0,0
2022-06-20,-96,64,1
2022-06-21,-102,70,1
2022-06-22,-96,64,1
2022-06-23,-239,187,3
2022-06-24,-86,54,1
2022-06-27,-86,54,1
2022-06-28,-88,56.00000000000001,1
2022-06-29,-126,94,1
2022-06-30,-315,252.99999999999997,4
2022-07-01,0,0,0
2022-07-04,-86,54,1
2022-07-05,-81,49,1
2022-07-06,-82,50,1
2022-07-07,-224.00000000000003,172,3
2022-07-08,-83,51,1
2022-07-11,-82,50,1
2022-07-12,-82,50,1
2022-07-13,-80,48,1
2022-07-14,-295,233,4
2022-07-15,-83,51,1
2022-07-18,0,0,0
2022-07-19,-83,51,1
2022-07-20,-82,50,1
2022-07-21,-224.00000000000003,172,3
2022-07-22,-84,52,1
2022-07-25,-85,53,1
2022-07-26,-86,54,1
2022-07-27,-112.00000000000001,80,1
2022-07-28,-320,268,3
2022-07-29,-111.00000000000001,79,1
2022-08-01,-108,76,1
2022-08-02,-104,72,1
2022-08-03,-107,75,1
2022-08-04,-293,241,3
2022-08-05,-106,74,1
2022-08-08,-110.00000000000001,78,1
2022-08-09,-206.99999999999997,165,2
2022-08-10,-302,250,3
2022-08-11,0,0,0
2022-08-12,-109.00000000000001,77,1
2022-08-15,-109.00000000000001,77,1
2022-08-16,-105,73,1
2022-08-17,-107,75,1
2022-08-18,-299,247.00000000000003,3
2022-08-19,-112.00000000000001,80,1
2022-08-22,-112.00000000000001,80,1
2022-08-23,-112.00000000000001,80,1
2022-08-24,-108,76,1
2022-08-25,-308,256,3
2022-08-26,-112.00000000000001,80,1
2022-08-29,-112.00000000000001,80,1
2022-08-30,-115.99999999999999,84,1
2022-08-31,-111.00000000000001,79,1
2022-09-01,-403,341,4
2022-09-02,0,0,0
2022-09-05,-110.00000000000001,78,1
2022-09-06,-112.00000000000001,78,1
2022-09-07,-117,83,1
2022-09-08,-330,276,3
2022-09-09,-117,83,1
2022-09-12,-115.99999999999999,82,1
2022-09-13,-117,83,1
2022-09-14,-115.99999999999999,82,1
2022-09-16,-115.99999999999999,82,1
2022-09-19,0,0,0
2022-09-20,-119,85,1
2022-09-21,-560,496,4
2022-09-22,-154,120,1
2022-09-23,0,0,0
2022-09-28,-141,107,1
2022-09-29,-423.00000000000006,369,3
2022-09-30,-146,112.00000000000001,1
2022-10-03,-148,113.99999999999999,1
2022-10-04,-147,112.99999999999999,1
2022-10-05,-150,115.99999999999999,1
2022-10-06,-544,480,4
2022-10-07,-145,111.00000000000001,1
2022-10-10,0,0,0
2022-10-11,-148,113.99999999999999,1
2022-10-12,-149,114.99999999999999,1
2022-10-13,-423.00000000000006,369,3
2022-10-14,-150,115.99999999999999,1
2022-10-19,-150,115.99999999999999,1
2022-10-20,-432,378,3
2022-10-21,-155,121,1
2022-10-24,-158,124,1
2022-10-26,-146,112.00000000000001,1
2022-10-28,-153,119,1
2022-10-31,-148,113.99999999999999,1
2022-11-01,-298,254,2
2022-11-02,-498.00000000000006,444.00000000000006,3
2022-11-03,0,0,0
2022-11-04,-181,147,1
2022-11-07,-177,143,1
2022-11-08,-178,144,1
2022-11-09,-680,616,4
2022-11-10,0,0,0
2022-11-14,-169,137,1
2022-11-15,-168,136,1
2022-11-16,-169,137,1
2022-11-17,-476,424,3
2022-11-18,-168,136,1
2022-11-18,-168,136,1
2022-11-21,-480,426,3
2022-11-22,0,0,0
2022-11-23,0,0,0
2022-11-24,-482,430,3
2022-11-25,-168,136,1
2022-11-28,-170,138,1
2022-11-29,-172,140,1
2022-11-30,-167,135,1
2022-12-02,-167,135,1
2022-12-05,-166,134,1
2022-12-06,-164,132,1
2022-12-07,-165,133,1
2022-12-08,-473.00000000000006,421,3
2022-12-09,-165,133,1
2022-12-12,-165,133,1
2022-12-13,-165,133,1
2022-12-14,-185,153,1
2022-12-15,-527,475,3
2022-12-16,-188,156,1
2022-12-19,-188,156,1
2022-12-20,-191,159,1
2022-12-21,-181,149,1
2022-12-22,-691,629,4
2022-12-23,-170,160,0
2022-12-26,-200.99999999999997,133,1
2022-12-27,-185,153,1
2022-12-28,-189,179,1
2022-12-29,-1356,1244,5
2022-12-30,-222.00000000000003,182,1
2023-01-02,0,0,0
2023-01-03,0,0,0
2023-01-04,-189,149,1
2023-01-05,-719,625,4
2023-01-06,-186,154,1
2023-01-09,0,0,0
2023-01-10,-185,153,1
2023-01-10,-185,153,1
2023-01-11,-186,154,1
2023-01-12,-691,629,4
2023-01-13,0,0,0
2023-01-16,-198,126,1
2023-01-17,-173,141,1
2023-01-18,-191,159,1
2023-01-19,0,0,AWAITING_DATA
2023-01-20,-179,147,1
2023-01-23,-200,126,1
2023-01-24,-179,147,1
2023-01-25,-182,150,1
2023-01-26,-512,459.99999999999994,3
2023-01-27,-180,148,1
2023-01-30,-217,143,1
2023-01-31,-196,164,1
2023-02-01,-188,156,1
2023-02-02,-536,484,3
2023-02-03,-187,155,1
2023-02-06,-212,138,1
2023-02-07,-189,157,1
2023-02-08,-191,159,1
2023-02-09,-545,493,3
2023-02-10,-191,159,1
2023-02-13,-213,139,1
2023-02-14,-192,160,1
2023-02-15,-190,158,1
2023-02-16,-731,669,4
2023-02-17,0,0,0
2023-02-20,-214,138,1
2023-02-21,-375,333,2
2023-02-22,-560,508,3
2023-02-23,0,0,0
2023-02-24,-197,165,1
2023-02-27,-246,168,1
2023-02-28,-198,166,1
2023-03-01,-199,167,1
2023-03-02,-554,501.99999999999994,3
2023-03-03,-198,166,1
2023-03-06,-215,139,1
2023-03-07,-195,163,1
2023-03-08,-199,167,1
2023-03-08,-199,167,1
2023-03-09,-563,511.00000000000006,3
2023-03-10,-200,168,1
2023-03-13,-221,145,1
2023-03-14,-198,166,1
2023-03-15,-196,164,1
2023-03-16,-554,501.99999999999994,3
2023-03-17,-375,333,2
2023-03-20,-221,147,1
2023-03-21,0,0,0
2023-03-22,-197,165,1
2023-03-23,-569,517,3
2023-03-24,-200,168,1
2023-03-27,-223,149,1
2023-03-28,-200.99999999999997,169,1
2023-03-29,-200.99999999999997,169,1
2023-03-30,-602,550,3
2023-03-31,-202.99999999999997,171,1
2023-04-03,-224.00000000000003,148,1
2023-04-04,-206,174,1
2023-04-05,-198,166,1
2023-04-06,-581,529,3
2023-04-07,-209,177,1
2023-04-10,-239,163,1
2023-04-11,-206.99999999999997,175,1
2023-04-12,-208,176,1
2023-04-13,-599,547,3
2023-04-14,-206.99999999999997,175,1
2023-04-17,-229,153,1
2023-04-18,-204.99999999999997,173,1
2023-04-19,-204.99999999999997,173,1
2023-04-20,-596,544,3
2023-04-20,-596,544,3
2023-04-21,-204.99999999999997,173,1
2023-04-24,-227.99999999999997,152,1
2023-04-25,-202.99999999999997,171,1
2023-04-26,-200.99999999999997,169,1
2023-04-27,-584,532,3
2023-04-28,-206.99999999999997,175,1
2023-05-01,-1270,1142,6
2023-05-02,-217,185,1
2023-05-03,0,0,0
2023-05-08,-241,165,1
2023-05-09,-212,180,1
2023-05-10,-217,185,1
2023-05-11,-617,565,3
2023-05-12,-216,184,1
2023-05-15,-238,162,1
2023-05-16,-217,185,1
2023-05-17,-214,182,1
2023-05-18,-623,571,3
2023-05-19,-220.00000000000003,188,1
2023-05-22,-242,164,1
2023-05-23,-216,184,1
2023-05-24,-217,185,1
2023-05-25,-847.0000000000001,785,4
2023-05-26,0,0,0
2023-05-29,-243.00000000000003,163,1
2023-05-30,-236,202,1
2023-05-31,-227.99999999999997,196,1
2023-06-01,-641,589,3
2023-06-02,-221,189,1
2023-06-05,-244,166,1
2023-06-06,-221,189,1
2023-06-07,-218.00000000000003,186,1
2023-06-08,-635,583,3
2023-06-09,-222.00000000000003,190,1
2023-06-12,-245.00000000000003,167,1
2023-06-13,-221,189,1
2023-06-14,-223,191,1
2023-06-15,-859,797,4
2023-06-16,0,0,0
2023-06-19,-247.00000000000003,167,1
2023-06-20,-225,191,1
2023-06-21,-225.99999999999997,192,1
2023-06-22,-651,597,3
2023-06-23,-225.99999999999997,192,1
2023-06-26,-254,174,1
2023-06-27,-225,191,1
2023-06-28,-225.99999999999997,192,1
2023-06-29,-705,651,3
2023-06-30,-448.00000000000006,404,2
2023-07-03,0,0,0
2023-07-04,-233,199,1
2023-07-05,-225.99999999999997,192,1
2023-07-06,-651,597,3
2023-07-07,-229,195,1
2023-07-10,-250,170,1
2023-07-11,-224.00000000000003,190,1
2023-07-12,-222.00000000000003,188,1
2023-07-13,-827,765,4
2023-07-14,-218.00000000000003,186,1
2023-07-17,0,0,0
2023-07-18,-219,187,1
2023-07-18,-219,187,1
2023-07-19,-217,185,1
2023-07-20,-629,577,3
2023-07-21,-220.00000000000003,188,1
2023-07-24,-247.00000000000003,167,1
2023-07-25,-224.00000000000003,190,1
2023-07-26,-233,199,1
2023-07-27,-668,615,3
2023-07-28,-234,202,1
2023-07-31,-260,180,1
2023-08-01,-237,202.99999999999997,1
2023-08-02,-238,204,1
2023-08-03,-687,633,3
2023-08-04,-237,202.99999999999997,1
2023-08-07,-263,183,1
2023-08-07,-263,183,1
2023-08-08,-239,204.99999999999997,1
2023-08-09,-916,852,4
2023-08-10,-244,210,1
2023-08-11,0,0,0
2023-08-14,-270,188,1
2023-08-15,-244,210,1
2023-08-16,-240,206,1
2023-08-17,-702,648,3
2023-08-18,-246,212,1
2023-08-21,-277,195,1
2023-08-22,-247.00000000000003,213,1
2023-08-23,-244,210,1
2023-08-24,-690,636,3
2023-08-25,-248,214,1
2023-08-28,-270,188,1
2023-08-29,-247.00000000000003,213,1
2023-08-30,-263,229,1
2023-08-31,-956,892,4
2023-09-01,0,0,0
2023-09-04,-270,188,1
2023-09-05,-247.00000000000003,213,1
2023-09-06,-248,214,1
2023-09-07,-717,663,3
2023-09-08,-248,214,1
2023-09-11,-272,190,1
2023-09-12,-246,212,1
2023-09-13,-245.00000000000003,211,1
2023-09-14,-952,888.0000000000001,4
2023-09-15,-254,220.00000000000003,1
2023-09-18,0,0,0
2023-09-19,-260,225.99999999999997,1
2023-09-20,-268,234,1
2023-09-21,-747,693,3
2023-09-22,-254,220.00000000000003,1
2023-09-25,-279,196,1
2023-09-26,-252,218.00000000000003,1
2023-09-26,-252,218.00000000000003,1
2023-09-28,-972.0000000000001,918,3
2023-09-29,-261,227,1
2023-10-02,-284,200,1
2023-10-02,-284,200,1
2023-10-03,-254,220.00000000000003,1
2023-10-04,-248,214,1
2023-10-05,-956,892,4
2023-10-06,-246,212,1
2023-10-09,0,0,0
2023-10-10,-252.99999999999997,219,1
2023-10-11,-250,216,1
2023-10-12,-717,663,3
2023-10-13,-254,220.00000000000003,1
2023-10-16,-277,193,1
2023-10-17,-250.99999999999997,217,1
2023-10-18,-248,214,1
2023-10-19,-723,669,3
2023-10-20,-252.99999999999997,219,1
2023-10-23,-277,193,1
2023-10-24,-250.99999999999997,217,1
2023-10-25,-249.00000000000003,215,1
2023-10-26,-726,672,3
2023-10-27,-252.99999999999997,219,1
2023-10-30,-312,227.99999999999997,1
2023-10-31,-278,194,1
2023-11-01,-972.0000000000001,908,4
2023-11-02,-254,220.00000000000003,1
2023-11-03,0,0,0
2023-11-06,-273,189,1
2023-11-07,-248,214,1
2023-11-08,-246,212,1
2023-11-09,-720,666,3
2023-11-10,-254.99999999999997,221,1
2023-11-13,-278,194,1
2023-11-14,-252.99999999999997,219,1
2023-11-15,-249.00000000000003,215,1
2023-11-16,-726,672,3
2023-11-17,-250,216,1
2023-11-20,-273,189,1
2023-11-21,-476,432,2
2023-11-22,-705,651,3
2023-11-23,0,0,0
2023-11-24,-245.00000000000003,211,1
2023-11-27,-269,185,1
2023-11-28,-242,208,1
2023-11-29,-260,225.99999999999997,1
2023-11-30,-687,633,3
2023-12-01,-244,210,1
2023-12-04,-266,184,1
2023-12-05,-242,208,1
2023-12-06,-242,208,1
2023-12-07,-699,645,3
2023-12-08,-240,206,1
2023-12-11,-268,186,1
2023-12-12,-243.00000000000003,209,1
2023-12-13,-239,204.99999999999997,1
2023-12-14,-672,618,3
2023-12-15,-234,200,1
2023-12-18,-259,179,1
2023-12-19,-238,204,1
2023-12-20,-236,202,1
2023-12-21,-911.9999999999999,848,4
2023-12-22,0,0,0
2023-12-25,-243,165,1
2023-12-26,-231,197,1
2023-12-27,-233,199,1
2023-12-28,-1386,1302,6
2023-12-29,-242,208,1
2024-01-01,0,0,0
2024-01-02,0,0,0
2024-01-03,0,0,0
2024-01-04,-916,852,4
2024-01-05,-240,206,1
2024-01-08,0,0,0
2024-01-09,-239,204.99999999999997,1
2024-01-10,-237,202.99999999999997,1
2024-01-11,-916,852,4
2024-01-12,0,0,0
2024-01-15,-264,182,1
2024-01-16,-240,206,1
2024-01-16,-240,206,1
2024-01-17,-240,206,1
2024-01-18,-708,654,3
2024-01-19,-245.00000000000003,211,1
2024-01-22,-268,186,1
2024-01-23,-242,208,1
2024-01-24,-243.00000000000003,209,1
2024-01-25,-699,645,3
2024-01-26,-242,208,1
2024-01-29,-268,186,1
2024-01-30,-250.99999999999997,217,1
2024-01-31,-242,208,1
2024-02-01,-705,651,3
2024-02-02,-241,206.99999999999997,1
2024-02-05,-265,182,1
2024-02-06,-241,206.99999999999997,1
2024-02-07,-241,206.99999999999997,1
2024-02-08,-932,868,4
2024-02-09,-250,216,1
2024-02-12,0,0,0
2024-02-13,-245.00000000000003,211,1
2024-02-14,-248,214,1
2024-02-15,-960,896.0000000000001,4
2024-02-16,0,0,0
2024-02-19,-277,193,1
2024-02-20,-249.00000000000003,215,1
2024-02-21,-952,888.0000000000001,4
2024-02-22,-250.99999999999997,217,1
2024-02-23,0,0,0
2024-02-26,-275,191,1
2024-02-27,-250.99999999999997,217,1
2024-02-28,-262,227.99999999999997,1
2024-02-29,-729,675,3
2024-03-01,-250.99999999999997,217,1
2024-03-04,-274,190,1
2024-03-05,-247.00000000000003,213,1
2024-03-06,-246,212,1
2024-03-07,-699,645,3
2024-03-07,-699,645,3
2024-03-08,-244,210,1
2024-03-11,-267,185,1
2024-03-12,-242,208,1
2024-03-13,-242,208,1
2024-03-14,-705,651,3
2024-03-15,-245.00000000000003,211,1
2024-03-19,-252.99999999999997,219,1
2024-03-20,0,0,0
2024-03-21,-717,663,3
2024-03-22,-244,210,1
2024-03-25,-273,189,1
2024-03-26,-246,212,1
2024-03-27,-246,212,1
2024-03-28,-801,747,3
2024-03-29,-254,220.00000000000003,1
2024-04-01,-275,191,1
2024-04-02,-246,212,1
2024-04-03,-245.00000000000003,211,1
2024-04-04,-708,654,3
2024-04-05,-245.00000000000003,211,1
2024-04-08,-271,187,1
2024-04-09,-245.00000000000003,211,1
2024-04-10,-245.00000000000003,211,1
2024-04-11,-715,659,3
2024-04-12,-257,221,1
2024-04-15,-281,195,1
2024-04-16,-250,214,1
2024-04-17,-250,214,1
2024-04-18,-718,662,3
2024-04-19,-259,223,1
2024-04-22,-283,197,1
2024-04-23,-254.99999999999997,219,1
2024-04-24,-254,218.00000000000003,1
2024-04-25,-977,911,4
2024-04-26,-276,240,1
2024-04-29,0,0,0
2024-04-30,-254,218.00000000000003,1
2024-05-01,-1208,1132,5
2024-05-02,-252,216,1
2024-05-03,0,0,0
2024-05-06,0,0,0
2024-05-07,-250.99999999999997,215,1
2024-05-08,-250.99999999999997,215,1
2024-05-09,-724,668,3
2024-05-10,-250.99999999999997,215,1
2024-05-13,-278,192,1
2024-05-14,-250.99999999999997,215,1
2024-05-15,-250,214,1
2024-05-16,-715,659,3
2024-05-17,-248,212,1
2024-05-20,-276,190,1
2024-05-21,-250.99999999999997,215,1
2024-05-22,-250.99999999999997,215,1
2024-05-23,-961,894.9999999999999,4
2024-05-24,0,0,0
2024-05-27,-278,190,1
2024-05-28,-252,216,1
2024-05-29,-250.99999999999997,215,1
2024-05-30,-772,716,3
2024-05-31,-252,216,1
2024-06-03,-279,191,1
2024-06-04,-252.99999999999997,217,1
2024-06-05,-252,216,1
2024-06-06,-727,671,3
2024-06-10,-279,191,1
2024-06-11,-254,218.00000000000003,1
2024-06-12,-254.99999999999997,219,1
2024-06-13,-730,674,3
2024-06-14,-258,222.00000000000003,1
2024-06-17,-525,426.99999999999994,2
2024-06-17,-525,426.99999999999994,2
2024-06-17,-525,426.99999999999994,2
2024-06-18,0,0,0
2024-06-19,-254,218.00000000000003,1
2024-06-20,-736,680,3
2024-06-21,-259,223,1
2024-06-24,-285,197,1
2024-06-25,-259,223,1
2024-06-26,-257,221,1
2024-06-27,-769,713,3
2024-06-28,-261,225,1
2024-07-01,-286,196,1
2024-07-02,-509,463,2
2024-07-03,0,0,0
2024-07-04,-748,692,3
2024-07-05,-258,222.00000000000003,1
2024-07-08,-285,195,1
2024-07-09,-258,222.00000000000003,1
2024-07-10,-260,224.00000000000003,1
2024-07-11,-1001,935,4
2024-07-12,-258,222.00000000000003,1
2024-07-15,0,0,0
2024-07-16,-256,220.00000000000003,1
2024-07-17,-254,218.00000000000003,1
2024-07-18,-721,665,3
2024-07-19,-252,216,1
2024-07-22,-280,192,1
2024-07-23,-254,218.00000000000003,1
2024-07-24,-250,214,1
2024-07-25,-712,656,3
2024-07-26,-247.00000000000003,211,1
2024-07-29,-274,188,1
2024-07-30,-287,227,1
2024-07-31,-254,194,1
2024-08-01,-706,626,3
2024-08-05,-304,150,1
2024-08-06,-239,181,1
2024-08-07,-239,181,1
2024-08-08,-892,803.9999999999999,4
2024-08-09,-245.00000000000003,187,1
2024-08-12,0,0,0
2024-08-13,-247.00000000000003,189,1
2024-08-14,-249.00000000000003,191,1
2024-08-15,-693,615,3
2024-08-16,-249.00000000000003,191,1
2024-08-19,-293,137,1
2024-08-20,-242,184,1
2024-08-21,-241,183,1
2024-08-22,-669,591,3
2024-08-23,-240,182,1
2024-08-26,-284,132,1
2024-08-27,-238,180,1
2024-08-28,-237,179,1
2024-08-29,-888.0000000000001,800,4
2024-08-30,0,0,0
2024-09-02,-288,134,1
2024-09-03,-240,182,1
2024-09-04,-242,184,1
2024-09-05,-669,591,3
2024-09-06,-242,184,1
2024-09-09,-288,138,1
2024-09-10,-242,186,1
2024-09-11,-235,179,1
2024-09-12,-875,789,4
2024-09-13,-240,184,1
2024-09-16,0,0,0
2024-09-17,-244,188,1
2024-09-18,-229.99999999999997,174,1
2024-09-19,-823,737,4
2024-09-20,-223,167,1
2024-09-23,0,0,0
2024-09-24,-227,169,1
2024-09-25,-231.99999999999997,176,1
2024-09-26,-630,552,3
2024-09-27,-280,222.00000000000003,1
2024-09-30,-276,126,1
2024-10-01,-225,167,1
2024-10-02,-219,161,1
2024-10-03,-630,552,3
2024-10-04,-224.00000000000003,166,1
2024-10-07,-273,117,1
2024-10-08,-224.00000000000003,166,1
2024-10-09,-223,165,1
2024-10-10,-832,744,4
2024-10-11,-229.99999999999997,172,1
2024-10-14,0,0,0
2024-10-15,-233,173,1
2024-10-16,-229,171,1
2024-10-17,-637,557,3
2024-10-18,-229,169,1
2024-10-21,-276,118,1
2024-10-22,-229,169,1
2024-10-23,-227.99999999999997,168,1
2024-10-24,-640,560,3
2024-10-25,-229,169,1
2024-10-28,-281,121,1
2024-10-29,-231,171,1
2024-10-30,-252.99999999999997,193,1
2024-10-31,-861,771,4
2024-11-01,-233,173,1
2024-11-04,0,0,0
2024-11-05,-231.99999999999997,172,1
2024-11-06,-235,175,1
2024-11-07,-821.0000000000001,731,4
2024-11-08,0,0,0
2024-11-11,-273,112.99999999999999,1
2024-11-12,-221,161,1
2024-11-13,-222.00000000000003,162,1
2024-11-14,-616,535,3
2024-11-15,-225,163,1
2024-11-18,-274,112.00000000000001,1
2024-11-19,-221,161,1
2024-11-20,-222.00000000000003,162,1
2024-11-21,-613,533,3
2024-11-22,-220.00000000000003,160,1
2024-11-25,-271,109.00000000000001,1
2024-11-26,-413,343,2
2024-11-27,0,0,0
2024-11-28,-622,542,3
2024-11-29,-218.00000000000003,158,1
2024-12-02,-265,107,1
2024-12-03,-214,154,1
2024-12-04,-216,156,1
2024-12-05,-595,515,3
2024-12-06,-215,155,1
2024-12-09,-269,111.00000000000001,1
2024-12-10,-220.00000000000003,160,1
2024-12-11,-219,159,1
2024-12-12,-604,524,3
2024-12-13,-219,159,1
2024-12-16,-271,109.00000000000001,1
2024-12-17,-221,161,1
2024-12-18,-211,151,1
2024-12-19,-586,505.99999999999994,3
2024-12-20,-216,154,1
2024-12-23,-447,273,2
2024-12-24,0,0,0
2024-12-25,-215,205,1
2024-12-26,-593,511.00000000000006,3
2024-12-27,-1832,1710.0000000000002,7
2024-12-30,-298,132,1
2024-12-31,0,0,0
2025-01-02,0,0,0
2025-01-03,0,0,0
2025-01-06,-268,104,1
2025-01-07,-217,155,1
2025-01-08,-219,157,1
2025-01-09,-794,702,4
2025-01-10,-219,157,1
2025-01-13,0,0,0
2025-01-14,-218.00000000000003,156,1
2025-01-15,-221,159,1
2025-01-16,-778,686,4
2025-01-17,0,0,0
2025-01-20,-267,103,1
2025-01-21,-217,155,1
2025-01-22,-219,158,1
2025-01-23,-605,523,3
2025-01-24,-214,152,1
2025-01-27,-269,105,1
2025-01-28,-236,176,1
2025-01-29,-222.00000000000003,160,1
2025-01-30,-610,530,3
2025-01-31,-222.00000000000003,162,1
2025-02-03,-265,103,1
2025-02-04,-206.99999999999997,147,1
2025-02-05,-202,142,1
2025-02-06,-556,476,3
2025-02-07,-375,305,2
2025-02-10,-256,97,1
2025-02-11,0,0,0
2025-02-12,-202.99999999999997,143,1
2025-02-13,-725,659,4
2025-02-14,0,0,0
2025-02-17,-250,90,1
2025-02-18,-198,138,1
2025-02-19,-199,139,1
2025-02-20,-717,627,4
2025-02-21,-197,137,1
2025-02-24,0,0,0
2025-02-25,-198,138,1
2025-02-26,-195,137,1
2025-02-27,-567,488.99999999999994,3
2025-02-28,-199,139,1
2025-03-03,-248,90,1
2025-03-04,-199,139,1
2025-03-05,-198,138,1
2025-03-06,-540,462,3
2025-03-07,-195,137,1
2025-03-10,-243.00000000000003,87,1
2025-03-11,-195,137,1
2025-03-12,-193,135,1
2025-03-13,-525,447,3
2025-03-14,-191,133,1
2025-03-17,-241,85,1
2025-03-18,-360,292,2
2025-03-19,-534,455.99999999999994,3
2025-03-20,0,0,0
2025-03-21,-194,136,1
2025-03-24,-242,86,1
2025-03-25,-194,134,1
2025-03-26,-194,134,1
2025-03-27,-532,451.99999999999994,3
2025-03-28,-231.99999999999997,172,1
2025-03-31,-243.00000000000003,85,1
2025-04-01,-194,134,1
2025-04-02,-194,134,1
2025-04-03,-531,453,3
2025-04-04,-191,133,1
2025-04-07,-240,86,1
2025-04-08,-189,131,1
2025-04-09,-190,132,1
2025-04-10,-519,441,3
2025-04-11,-188,130,1
2025-04-14,-235,83,1
2025-04-15,-186,130,1
2025-04-16,-185,129,1
2025-04-17,-500,424,3
2025-04-18,-182,126,1
2025-04-21,-239,89,1
2025-04-22,-184,128,1
2025-04-23,-183,127,1
2025-04-24,-504,426,3
2025-04-25,-347,281,2
2025-04-28,-265,112.99999999999999,1
2025-04-29,0,0,0
2025-04-30,-186,130,1
2025-05-01,-848,752,5
2025-05-02,-190,132,1
2025-05-05,0,0,0
2025-05-06,0,0,0
2025-05-07,-188,132,1
2025-05-08,-516,438,3
2025-05-09,-192,134,1
2025-05-12,-240,86,1
2025-05-13,-193,135,1
2025-05-14,-192,134,1
2025-05-15,-522,444.00000000000006,3
2025-05-16,-189,131,1
2025-05-19,-237,83,1
2025-05-20,-189,131,1
2025-05-21,-188,130,1
2025-05-22,-676,588,4
2025-05-23,0,0,0
2025-05-26,-234,84,1
2025-05-27,-185,129,1
2025-05-28,-187,129,1
2025-05-29,-540,462,3
2025-05-30,-188,130,1
2025-06-02,-236,84,1
2025-06-03,-185,129,1
2025-06-04,-186,128,1
2025-06-05,-503,426.99999999999994,3
2025-06-06,-185,127,1
2025-06-09,-235,83,1
2025-06-10,-187,129,1
2025-06-11,-187,129,1
2025-06-12,-509.99999999999994,432,3
2025-06-13,-188,130,1
2025-06-16,-234,82,1
2025-06-17,-350,282,2
2025-06-18,0,0,0
2025-06-19,-513,434.99999999999994,3
2025-06-20,-188,130,1
2025-06-23,-237,83,1
2025-06-24,-189,131,1
2025-06-25,-188,130,1
2025-06-26,-516,438,3
2025-06-27,-196,162,1
2025-06-30,-237,85,1
2025-07-01,-190,132,1
2025-07-02,-680,592,4
2025-07-03,0,0,0
2025-07-04,-192,134,1
2025-07-07,-235,83,1
2025-07-08,-188,130,1
2025-07-09,-189,131,1
2025-07-10,-516,438,3
2025-07-11,-190,132,1
2025-07-14,-239,83,1
2025-07-15,-193,135,1
2025-07-16,-192,134,1
2025-07-17,-692,604,4
2025-07-18,-191,133,1
2025-07-21,0,0,0
2025-07-22,-190,132,1
2025-07-23,-189,131,1
2025-07-24,-513,434.99999999999994,3
2025-07-25,-189,131,1
2025-07-28,-240,84,1
2025-07-29,-192,134,1
2025-07-30,-202.99999999999997,145,1
2025-07-31,-526,446,3
2025-08-01,-194,134,1
2025-08-04,-240,84,1
2025-08-05,-189,131,1
2025-08-06,,,
2025-08-07,-688,600,4
2025-08-08,-192,134,1
2025-08-11,0,0,0
2025-08-12,-193,135,1
2025-08-13,-191,133,1
2025-08-13,-191,133,1
2025-08-14,-516,438,3
2025-08-15,-190,132,1
2025-08-18,-238,84,1
2025-08-19,-190,132,1
2025-08-20,-191,133,1
2025-08-20,-191,133,1
2025-08-21,-525,447,3
2025-08-22,-191,133,1
2025-08-22,-191,133,1
2025-08-25,-238,84,1
2025-08-26,-189,131,1
2025-08-27,-189,131,1
2025-08-28,-700,612,4
2025-08-29,0,0,0
2025-09-01,-239,85,1
2025-09-02,-190,132,1
2025-09-03,-193,135,1
2025-09-04,-525,447,3
2025-09-05,-193,135,1
2025-09-08,-244,88,1
2025-09-09,-193,135,1
2025-09-10,-191,133,1
2025-09-11,-692,604,4
2025-09-12,-195,137,1
2025-09-15,0,0,0
2025-09-16,-196,138,1
2025-09-17,-181,123,1
2025-09-18,-501,423.00000000000006,3
2025-09-18,-501,423.00000000000006,3
2025-09-19,-342,274,2
2025-09-22,-233,77,1
2025-09-23,0,0,0
2025-09-24,-184,126,1
2025-09-25,-504,426,3
2025-09-26,-187,127,1
2025-09-29,-280,122,1
2025-09-30,-186,128,1
2025-10-01,-187,129,1
2025-10-02,-509.99999999999994,432,3
2025-10-03,-184,126,1
2025-10-06,-235,79,1
2025-10-07,-186,126,1
2025-10-08,-187,127,1
2025-10-09,-673,583,4
2025-10-10,-191,131,1
2025-10-13,0,0,0
2025-10-14,-192,132,1
2025-10-15,-191,131,1
2025-10-16,-523,443,3
2025-10-17,-197,137,1
2025-10-20,-241,83,1
2025-10-21,-188,128,1
2025-10-22,-188,128,1
2025-10-23,-523,443,3
2025-10-24,-194,134,1
2025-10-27,-246,86,1
2025-10-28,-196,136,1
2025-10-29,-182,122,1
2025-10-30,-797,707,4
2025-10-31,-192,132,1
2025-11-03,0,0,0
2025-11-04,-191,131,1
2025-11-05,-185,125,1
2025-11-06,-496,416,3
2025-11-07,-339,269,2
2025-11-10,0,0,0
2025-11-11,-184,124,1
2025-11-12,-186,126,1
2025-11-13,-508,428,3
2025-11-14,-188,128,1
2025-11-17,-237,75,1
2025-11-18,-183,123,1
2025-11-19,-184,122,1
2025-11-20,-666,574,4
2025-11-21,-188,126,1
2025-11-24,0,0,0
2025-11-24,0,0,0
2025-11-25,-356,284,2
2025-11-26,0,0,0
2025-11-27,-548,466,3
2025-11-28,-189,127,1
2025-12-01,-239,75,1
2025-12-02,-185,124,1
2025-12-03,-185,123,1
2025-12-04,-499,419.00000000000006,3
2025-12-05,-184,124,1
2025-12-08,-236,74,1
2025-12-09,-188,126,1
2025-12-10,-184,122,1
2025-12-11,-484.99999999999994,403,3
2025-12-12,-182,120,1
2025-12-15,-229,65,1
2025-12-16,-169,109.00000000000001,1
2025-12-17,-169,109.00000000000001,1
2025-12-17,-169,109.00000000000001,1
2025-12-18,-463.99999999999994,382,3
2025-12-19,-166,104,1
2025-12-22,-216,50,1
2025-12-23,-294,222.00000000000003,2
2025-12-24,0,0,0
2025-12-25,-428,346,3
2025-12-26,-208,146,1
2025-12-29,-1295,1081,6
2025-12-30,-218.00000000000003,156,1
2025-12-31,0,0,0
2026-01-01,0,0,0
2026-01-02,0,0,0
2026-01-05,-227.99999999999997,64,1
2026-01-06,-166,104,1
2026-01-07,-163,101,1
2026-01-08,-570,478,4
2026-01-09,-162,100,1
2026-01-09,-162,100,1
2026-01-12,0,0,0
2026-01-13,-164,102,1
2026-01-14,-164,102,1
2026-01-15,-574,482,4
2026-01-16,0,0,0
2026-01-19,-214,48,1
2026-01-20,-165,103,1
2026-01-21,-166,104,1
2026-01-22,-434,352,3
2026-01-23,-163,101,1
2026-01-26,-212,48,1
2026-01-27,-160,100,1
2026-01-28,-158,98,1
2026-01-29,-445,365,3
2026-01-30,-155,104,1
2026-02-02,-208,55.00000000000001,1
2026-02-03,-157,104,1
2026-02-04,-157,104,1
2026-02-05,-416,361,3
2026-02-06,-158,105,1
2026-02-09,-345,189,2
2026-02-10,-159,106,1
2026-02-11,0,0,0
2026-02-12,-549,495,4
2026-02-13,0,0,0
2026-02-16,-202.99999999999997,52,1
2026-02-17,-150,99,1
2026-02-18,-151,101,1
2026-02-19,-537,487,4
2026-02-20,-156,106,1
2026-02-23,0,0,0
2026-02-24,-155,105,1
2026-02-25,-156,103,1
2026-02-26,-425,370,3
2026-02-27,-158,105,1
2026-03-02,-210,55.00000000000001,1
2026-03-03,-164,102,1
2026-03-04,-164,102,1
2026-03-05,-430.99999999999994,349,3
2026-03-06,-164,102,1
2026-03-09,-217,51,1
2026-03-10,-164,102,1
2026-03-11,-163,101,1
2026-03-12,-434,352,3
2026-03-12,-434,352,3
2026-03-13,-165,103,1
2026-03-16,-218.00000000000003,50,1
2026-03-16,-218.00000000000003,50,1
2026-03-17,-164,102,1
2026-03-17,-164,102,1
2026-03-18,-578,486.00000000000006,4
2026-03-19,-166,104,1
2026-03-20,0,0,0
2026-03-23,-217,51,1
2026-03-24,-164,102,1
2026-03-25,-164,102,1
2026-03-26,-446,364,3
2026-03-27,-166,104,1
2026-03-30,-252,84,1
2026-03-31,-165,103,1
2026-04-01,-163,101,1
2026-04-02,-440.00000000000006,358,3
2026-04-03,-171,109.00000000000001,1
2026-04-06,-222.00000000000003,54,1
2026-04-07,-171,109.00000000000001,1
2026-04-08,-158,96,1
2026-04-09,-443,361,3
2026-04-10,-164,102,1
2026-04-13,-218.00000000000003,52,1
2026-04-14,-166,104,1
2026-04-15,-165,103,1
2026-04-16,-440.00000000000006,358,3
2026-04-17,-164,102,1
2026-04-20,-216,50,1
2026-04-21,-164,102,1
2026-04-22,-165,103,1
2026-04-23,-437,355,3
2026-04-24,-164,102,1
2026-04-27,-354,178,2
2026-04-28,-171,109.00000000000001,1
2026-04-29,0,0,0
2026-04-30,-884,772,6
2026-05-01,-164,102,1
2026-05-04,0,0,0
2026-05-05,0,0,0
2026-05-06,0,0,0
2026-05-07,-430.99999999999994,349,3
2026-05-08,-162,100,1
2026-05-11,-214,50,1
2026-05-12,-162,100,1
2026-05-13,-164,102,1
2026-05-14,-437,355,3
2026-05-15,-166,104,1
2026-05-18,-218.00000000000003,52,1
2026-05-19,-164,102,1
2026-05-20,-165,103,1
2026-05-21,-574,482,4
2026-05-22,0,0,0
2026-05-25,-215,49,1
2026-05-26,-161,99,1
2026-05-27,-161,99,1
2026-05-28,-451.99999999999994,370,3
2026-05-29,-167,105,1
2026-06-01,-218.00000000000003,52,1
2026-06-02,-164,102,1
2026-06-03,-164,102,1
2026-06-04,-434,352,3
2026-06-05,-164,102,1
2026-06-08,-217,49,1
2026-06-09,-164,102,1
2026-06-10,-164,102,1
2026-06-11,-443,361,3
2026-06-12,-168,106,1
2026-06-15,-229,61,1
2026-06-16,-156,94,1
2026-06-17,-558,466,4
2026-06-18,0,0,0
2026-06-19,-163,101,1
2026-06-22,-215,47,1
2026-06-23,-160,96,1
2026-06-24,-157,94,1
2026-06-25,-426,342,3
2026-06-26,-162,98,1
2026-06-29,-268,98,1
2026-06-30,-160,96,1
2026-07-01,-159,95,1
2026-07-02,-417,333,3
2026-07-03,-155,93,1
2026-07-06,-209,41,1
2026-07-07,-158,94,1
2026-07-08,-159,95,1
2026-07-09,-417,333,3
2026-07-10,-157,93,1
2026-07-13,-210,40,1
2026-07-14,-158,94,1
2026-07-15,-155,91,1
2026-07-16,-543,449,4
2026-07-17,-158,94,1
2026-07-20,0,0,0
2026-07-21,-159,95,1
2026-07-22,-163,99,1
2026-07-23,-432,348,3
2026-07-24,-161,97,1
2026-07-27,-214,42,1
2026-07-28,-159,95,1
2026-07-29,-160,96,1
2026-07-30,-441,357,3
2026-07-31,-155,93,1
2026-08-03,-200,36,1
2026-08-04,-149,87,1
2026-08-05,-152,90,1
2026-08-06,-413,331,3
2026-08-07,-284,212,2
2026-08-10,-208,42,1
2026-08-11,,,0
2026-08-12,,,1
2026-08-13,,,3
2026-08-14,,,1
2026-08-17,,,1
2026-08-18,,,1
2026-08-19,,,1
2026-08-20,,,3
2026-08-21,,,1
2026-08-24,,,1
2026-08-25,,,1
2026-08-26,,,1
2026-08-27,,,3
2026-08-28,,,1
2026-08-31,,,1
2026-09-01,,,1
2026-09-02,,,1
2026-09-03,,,4
2026-09-04,,,0
2026-09-07,,,1
2026-09-08,,,1
2026-09-09,,,1
2026-09-10,,,3
2026-09-11,,,1
2026-09-14,,,1
2026-09-15,,,1
2026-09-16,,,1
2026-09-17,,,6
2026-09-18,,,1
2026-09-21,,,0
2026-09-22,,,0
2026-09-23,,,0
2026-09-24,,,3
2026-09-25,,,1
2026-09-28,,,1
2026-09-29,,,1
2026-09-30,,,1
2026-10-01,,,3
